,Timestamp,FIT-800-00,FIT-800-01,FIT-800-02,FIT-800-03,FIT-800-04,TE-800-01,TE-800-02,TE-800-03,TE-800-04,TE-800-05,TE-800-06,TE-800-07,TE-800-08,TE-800-09,TE-800-10,TE-800-11,TE-800-12,TE-800-13,TE-800-14,TE-800-15,TE-800-16
0,2025-01-29 15:02:00-05:00,1.777914882,13.50080109,19.98683929,9.5462E-05,7.626506805,25.07324219,28.82232666,28.37371826,24.64065552,9.50012207,22.605896,122.8218079,120.450592,20.89157104,21.01974487,23.58322144,23.32687378,22.57385254,23.77548218,19.11315918,22.46170044
1,2025-01-29 15:02:01-05:00,1.777914882,13.50080109,19.98683929,9.5462E-05,7.626506805,25.07324219,28.82232666,28.37371826,24.64065552,9.50012207,22.62191772,122.9499817,120.4986572,20.93963623,21.01974487,23.58322144,23.32687378,22.62191772,23.77548218,19.11315918,22.46170044
2,2025-01-29 15:02:02-05:00,1.777914882,13.50080109,19.98683929,9.5462E-05,7.626506805,25.07324219,28.7902832,28.37371826,24.64065552,9.50012207,22.62191772,122.9499817,120.4986572,20.93963623,21.01974487,23.58322144,23.32687378,22.62191772,23.77548218,19.11315918,22.46170044
3,2025-01-29 15:02:03-05:00,1.777914882,13.50080109,19.98683929,9.5462E-05,7.626506805,25.07324219,28.7902832,28.37371826,24.64065552,9.50012207,22.62191772,122.9499817,120.4986572,20.93963623,21.06781006,23.58322144,23.32687378,22.62191772,23.77548218,19.16122437,22.50976563
4,2025-01-29 15:02:04-05:00,1.756456852,13.50080109,19.98683929,9.5462E-05,7.626506805,25.07324219,28.7902832,28.37371826,24.64065552,9.50012207,22.62191772,122.9499817,120.4986572,20.93963623,21.06781006,23.58322144,23.32687378,22.62191772,23.77548218,19.16122437,22.50976563
5,2025-01-29 15:02:05-05:00,1.756456852,13.50080109,19.98683929,9.5462E-05,7.626506805,25.07324219,28.7902832,28.37371826,24.64065552,9.50012207,22.62191772,122.9499817,120.4986572,20.93963623,21.06781006,23.58322144,23.32687378,22.62191772,23.77548218,19.16122437,22.50976563
6,2025-01-29 15:02:06-05:00,1.756456852,13.50080109,19.98683929,9.5462E-05,7.626506805,25.07324219,28.7902832,28.37371826,24.64065552,9.50012207,22.62191772,122.9499817,120.4986572,20.93963623,21.06781006,23.58322144,23.32687378,22.62191772,23.77548218,19.16122437,22.50976563
7,2025-01-29 15:02:07-05:00,1.756456852,13.50080109,19.98683929,9.5462E-05,7.626506805,25.07324219,28.7902832,28.37371826,24.64065552,9.50012207,22.62191772,122.9499817,120.4986572,20.93963623,21.06781006,23.58322144,23.32687378,22.62191772,23.77548218,19.16122437,22.50976563
8,2025-01-29 15:02:08-05:00,1.756456852,13.50080109,19.98683929,9.5462E-05,7.626506805,25.07324219,28.7902832,28.37371826,24.64065552,9.50012207,22.62191772,122.9499817,120.4986572,20.93963623,21.06781006,23.58322144,23.32687378,22.62191772,23.77548218,19.16122437,22.50976563
9,2025-01-29 15:02:09-05:00,1.756456852,13.50080109,20.00591278,9.5462E-05,7.560225487,25.07324219,28.7902832,28.37371826,24.64065552,9.50012207,22.62191772,122.9499817,120.4986572,20.93963623,21.06781006,23.58322144,23.37493896,22.62191772,23.77548218,19.16122437,22.50976563
10,2025-01-29 15:02:10-05:00,1.756456852,13.50080109,20.00591278,9.5462E-05,7.560225487,25.07324219,28.7902832,28.37371826,24.64065552,9.50012207,22.62191772,122.9499817,120.4986572,20.93963623,21.06781006,23.58322144,23.37493896,22.62191772,23.77548218,19.16122437,22.50976563
11,2025-01-29 15:02:11-05:00,1.756456852,13.50080109,20.00591278,9.5462E-05,7.560225487,25.07324219,28.7902832,28.37371826,24.64065552,9.50012207,22.65396118,122.869873,120.450592,20.93963623,21.06781006,23.58322144,23.37493896,22.62191772,23.77548218,19.16122437,22.50976563
12,2025-01-29 15:02:12-05:00,1.756456852,13.50080109,20.00591278,9.5462E-05,7.560225487,25.07324219,28.77426147,28.37371826,24.64065552,9.50012207,22.65396118,122.869873,120.450592,20.93963623,21.06781006,23.58322144,23.37493896,22.62191772,23.77548218,19.16122437,22.50976563
13,2025-01-29 15:02:13-05:00,1.756456852,13.50080109,20.00591278,9.5462E-05,7.560225487,25.07324219,28.77426147,28.37371826,24.64065552,9.50012207,22.65396118,122.869873,120.450592,20.93963623,21.06781006,23.58322144,23.37493896,22.62191772,23.77548218,19.16122437,22.50976563
14,2025-01-29 15:02:14-05:00,1.756456852,13.50080109,20.00591278,9.5462E-05,7.560225487,25.07324219,28.77426147,28.42178345,24.64065552,9.50012207,22.65396118,122.869873,120.450592,20.93963623,21.06781006,23.58322144,23.37493896,22.62191772,23.77548218,19.16122437,22.50976563
15,2025-01-29 15:02:15-05:00,1.756456852,13.50080109,20.00591278,9.5462E-05,7.560225487,25.07324219,28.77426147,28.42178345,24.64065552,9.50012207,22.65396118,122.869873,120.450592,20.93963623,21.06781006,23.58322144,23.37493896,22.62191772,23.77548218,19.16122437,22.50976563
16,2025-01-29 15:02:16-05:00,1.756456852,13.50080109,20.00591278,9.5462E-05,7.560225487,25.07324219,28.77426147,28.42178345,24.64065552,9.50012207,22.65396118,122.869873,120.450592,20.93963623,21.06781006,23.58322144,23.37493896,22.62191772,23.77548218,19.16122437,22.50976563
17,2025-01-29 15:02:17-05:00,1.756456852,13.50080109,20.00591278,9.5462E-05,7.560225487,25.07324219,28.77426147,28.42178345,24.64065552,9.50012207,22.65396118,122.869873,120.450592,20.93963623,21.06781006,23.58322144,23.37493896,22.62191772,23.77548218,19.16122437,22.50976563
18,2025-01-29 15:02:18-05:00,1.756456852,13.50080109,20.00591278,9.5462E-05,7.560225487,25.07324219,28.77426147,28.42178345,24.64065552,9.50012207,22.65396118,122.869873,120.450592,20.93963623,21.06781006,23.58322144,23.37493896,22.62191772,23.77548218,19.16122437,22.50976563
19,2025-01-29 15:02:19-05:00,1.773146391,13.50080109,20.00591278,9.5462E-05,7.579060078,25.07324219,28.77426147,28.42178345,24.64065552,9.50012207,22.65396118,122.869873,120.450592,20.93963623,21.06781006,23.58322144,23.37493896,22.62191772,23.77548218,19.16122437,22.50976563
20,2025-01-29 15:02:20-05:00,1.773146391,13.50080109,20.00591278,9.5462E-05,7.579060078,25.07324219,28.77426147,28.42178345,24.64065552,9.50012207,22.65396118,122.869873,120.450592,20.93963623,21.06781006,23.58322144,23.37493896,22.62191772,23.77548218,19.16122437,22.50976563
21,2025-01-29 15:02:21-05:00,1.773146391,13.50080109,20.00591278,9.5462E-05,7.579060078,25.07324219,28.77426147,28.42178345,24.64065552,9.50012207,22.65396118,122.869873,120.450592,20.84350586,21.06781006,23.58322144,23.37493896,22.62191772,23.77548218,19.16122437,22.50976563
22,2025-01-29 15:02:22-05:00,1.773146391,13.50080109,20.00591278,9.5462E-05,7.579060078,25.07324219,28.82232666,28.42178345,24.64065552,9.50012207,22.65396118,122.869873,120.450592,20.84350586,21.06781006,23.58322144,23.37493896,22.62191772,23.77548218,19.16122437,22.50976563
23,2025-01-29 15:02:23-05:00,1.773146391,13.50080109,20.00591278,9.5462E-05,7.579060078,25.07324219,28.82232666,28.42178345,24.64065552,9.50012207,22.65396118,122.869873,120.450592,20.84350586,21.01974487,23.58322144,23.37493896,22.62191772,23.77548218,19.06509399,22.46170044
24,2025-01-29 15:02:24-05:00,1.761225462,13.50080109,20.00591278,9.5462E-05,7.579060078,25.07324219,28.82232666,28.42178345,24.64065552,9.50012207,22.65396118,122.869873,120.450592,20.84350586,21.01974487,23.58322144,23.37493896,22.62191772,23.77548218,19.06509399,22.46170044
25,2025-01-29 15:02:25-05:00,1.761225462,13.50080109,20.00591278,9.5462E-05,7.579060078,25.07324219,28.82232666,28.42178345,24.64065552,9.50012207,22.65396118,122.869873,120.450592,20.84350586,21.01974487,23.58322144,23.37493896,22.62191772,23.77548218,19.06509399,22.46170044
26,2025-01-29 15:02:26-05:00,1.761225462,13.50080109,20.00591278,9.5462E-05,7.579060078,25.07324219,28.82232666,28.42178345,24.64065552,9.50012207,22.65396118,122.869873,120.450592,20.84350586,21.01974487,23.58322144,23.37493896,22.62191772,23.77548218,19.06509399,22.46170044
27,2025-01-29 15:02:27-05:00,1.761225462,13.52464294,20.00591278,9.5462E-05,7.579060078,25.07324219,28.82232666,28.42178345,24.64065552,9.50012207,22.65396118,122.869873,120.450592,20.84350586,21.01974487,23.58322144,23.37493896,22.62191772,23.77548218,19.06509399,22.46170044
28,2025-01-29 15:02:28-05:00,1.761225462,13.52464294,20.00591278,9.5462E-05,7.579060078,25.07324219,28.82232666,28.42178345,24.64065552,9.50012207,22.65396118,122.869873,120.450592,20.84350586,21.01974487,23.58322144,23.37493896,22.62191772,23.77548218,19.06509399,22.46170044
29,2025-01-29 15:02:29-05:00,1.761225462,13.52464294,19.97634888,9.5462E-05,7.579060078,25.07324219,28.82232666,28.37371826,24.64065552,9.50012207,22.65396118,122.869873,120.450592,20.84350586,21.01974487,23.58322144,23.37493896,22.62191772,23.80752563,19.06509399,22.46170044
30,2025-01-29 15:02:30-05:00,1.761225462,13.52464294,19.97634888,9.5462E-05,7.579060078,25.07324219,28.82232666,28.37371826,24.64065552,9.50012207,22.65396118,122.869873,120.450592,20.84350586,21.01974487,23.58322144,23.37493896,22.62191772,23.80752563,19.06509399,22.46170044
31,2025-01-29 15:02:31-05:00,1.761225462,13.52464294,19.97634888,9.5462E-05,7.579060078,25.07324219,28.82232666,28.37371826,24.64065552,9.50012207,22.65396118,122.869873,120.3704834,20.89157104,21.01974487,23.58322144,23.37493896,22.605896,23.80752563,19.06509399,22.46170044
32,2025-01-29 15:02:32-05:00,1.761225462,13.52464294,19.97634888,9.5462E-05,7.579060078,25.07324219,28.7902832,28.37371826,24.64065552,9.50012207,22.65396118,122.869873,120.3704834,20.89157104,21.01974487,23.58322144,23.37493896,22.605896,23.80752563,19.06509399,22.46170044
33,2025-01-29 15:02:33-05:00,1.761225462,13.52464294,19.97634888,9.5462E-05,7.579060078,25.07324219,28.7902832,28.37371826,24.64065552,9.50012207,22.65396118,122.869873,120.3704834,20.89157104,21.01974487,23.58322144,23.37493896,22.605896,23.80752563,19.11315918,22.46170044
34,2025-01-29 15:02:34-05:00,1.761225462,13.52464294,19.97634888,9.5462E-05,7.579060078,25.07324219,28.7902832,28.42178345,24.64065552,9.50012207,22.65396118,122.869873,120.3704834,20.89157104,21.01974487,23.58322144,23.37493896,22.605896,23.80752563,19.11315918,22.46170044
35,2025-01-29 15:02:35-05:00,1.761225462,13.52464294,19.97634888,9.5462E-05,7.579060078,25.07324219,28.7902832,28.42178345,24.64065552,9.50012207,22.65396118,122.869873,120.3704834,20.89157104,21.01974487,23.58322144,23.37493896,22.605896,23.80752563,19.11315918,22.46170044
36,2025-01-29 15:02:36-05:00,1.761225462,13.52464294,19.97634888,9.5462E-05,7.579060078,25.07324219,28.7902832,28.42178345,24.64065552,9.50012207,22.65396118,122.869873,120.3704834,20.89157104,21.01974487,23.58322144,23.37493896,22.605896,23.80752563,19.11315918,22.46170044
37,2025-01-29 15:02:37-05:00,1.761225462,13.48649597,19.97634888,9.5462E-05,7.579060078,25.07324219,28.7902832,28.42178345,24.64065552,9.50012207,22.65396118,122.869873,120.3704834,20.89157104,21.01974487,23.58322144,23.37493896,22.605896,23.80752563,19.11315918,22.46170044
38,2025-01-29 15:02:38-05:00,1.761225462,13.48649597,19.97634888,9.5462E-05,7.579060078,25.07324219,28.7902832,28.42178345,24.64065552,9.50012207,22.65396118,122.869873,120.3704834,20.89157104,21.01974487,23.58322144,23.37493896,22.605896,23.80752563,19.11315918,22.46170044
39,2025-01-29 15:02:39-05:00,1.761225462,13.48649597,19.99065399,9.5462E-05,7.628890991,25.07324219,28.7902832,28.42178345,24.64065552,9.50012207,22.65396118,122.869873,120.3704834,20.89157104,21.01974487,23.58322144,23.37493896,22.605896,23.82354736,19.11315918,22.46170044
40,2025-01-29 15:02:40-05:00,1.761225462,13.48649597,19.99065399,9.5462E-05,7.628890991,25.07324219,28.7902832,28.42178345,24.64065552,9.50012207,22.65396118,122.869873,120.3704834,20.89157104,21.01974487,23.58322144,23.37493896,22.605896,23.82354736,19.11315918,22.46170044
41,2025-01-29 15:02:41-05:00,1.761225462,13.48649597,19.99065399,9.5462E-05,7.628890991,25.07324219,28.7902832,28.42178345,24.64065552,9.50012207,22.65396118,122.9179382,120.5467224,20.93963623,21.01974487,23.58322144,23.37493896,22.62191772,23.82354736,19.11315918,22.46170044
42,2025-01-29 15:02:42-05:00,1.761225462,13.48649597,19.99065399,9.5462E-05,7.628890991,25.07324219,28.82232666,28.42178345,24.64065552,9.50012207,22.65396118,122.9179382,120.5467224,20.93963623,21.01974487,23.58322144,23.37493896,22.62191772,23.82354736,19.11315918,22.46170044
43,2025-01-29 15:02:43-05:00,1.761225462,13.48649597,19.99065399,9.5462E-05,7.628890991,25.07324219,28.82232666,28.42178345,24.64065552,9.50012207,22.65396118,122.9179382,120.5467224,20.93963623,21.06781006,23.58322144,23.37493896,22.62191772,23.82354736,19.11315918,22.50976563
44,2025-01-29 15:02:44-05:00,1.761225462,13.48649597,19.99065399,9.5462E-05,7.628890991,25.07324219,28.82232666,28.37371826,24.64065552,9.50012207,22.65396118,122.9179382,120.5467224,20.93963623,21.06781006,23.58322144,23.37493896,22.62191772,23.82354736,19.11315918,22.50976563
45,2025-01-29 15:02:45-05:00,1.761225462,13.48649597,19.99065399,9.5462E-05,7.628890991,25.07324219,28.82232666,28.37371826,24.64065552,9.50012207,22.65396118,122.9179382,120.5467224,20.93963623,21.06781006,23.58322144,23.37493896,22.62191772,23.82354736,19.11315918,22.50976563
46,2025-01-29 15:02:46-05:00,1.761225462,13.48649597,19.99065399,9.5462E-05,7.628890991,25.07324219,28.82232666,28.37371826,24.64065552,9.50012207,22.65396118,122.9179382,120.5467224,20.93963623,21.06781006,23.58322144,23.37493896,22.62191772,23.82354736,19.11315918,22.50976563
47,2025-01-29 15:02:47-05:00,1.761225462,13.48649597,19.99065399,9.5462E-05,7.628890991,25.07324219,28.82232666,28.37371826,24.64065552,9.50012207,22.65396118,122.9179382,120.5467224,20.93963623,21.06781006,23.58322144,23.37493896,22.62191772,23.82354736,19.11315918,22.50976563
48,2025-01-29 15:02:48-05:00,1.761225462,13.48649597,19.99065399,9.5462E-05,7.628890991,25.07324219,28.82232666,28.37371826,24.64065552,9.50012207,22.65396118,122.9179382,120.5467224,20.93963623,21.06781006,23.58322144,23.37493896,22.62191772,23.82354736,19.11315918,22.50976563
49,2025-01-29 15:02:49-05:00,1.786259532,13.48649597,20.0164032,9.5462E-05,7.59718132,25.07324219,28.82232666,28.37371826,24.64065552,9.50012207,22.65396118,122.9179382,120.5467224,20.93963623,21.06781006,23.58322144,23.37493896,22.62191772,23.77548218,19.11315918,22.50976563
50,2025-01-29 15:02:50-05:00,1.786259532,13.48649597,20.0164032,9.5462E-05,7.59718132,25.07324219,28.82232666,28.37371826,24.67269897,9.50012207,22.65396118,122.9179382,120.5467224,20.93963623,21.06781006,23.58322144,23.37493896,22.62191772,23.77548218,19.11315918,22.50976563
51,2025-01-29 15:02:51-05:00,1.786259532,13.48649597,20.0164032,9.5462E-05,7.59718132,25.07324219,28.82232666,28.37371826,24.67269897,9.50012207,22.65396118,122.9499817,120.5947876,20.84350586,21.06781006,23.58322144,23.37493896,22.57385254,23.77548218,19.11315918,22.50976563
52,2025-01-29 15:02:52-05:00,1.786259532,13.48649597,20.0164032,9.5462E-05,7.59718132,25.07324219,28.95050049,28.37371826,24.67269897,9.50012207,22.65396118,122.9499817,120.5947876,20.84350586,21.06781006,23.58322144,23.37493896,22.57385254,23.77548218,19.11315918,22.50976563
53,2025-01-29 15:02:53-05:00,1.786259532,13.48649597,20.0164032,9.5462E-05,7.59718132,25.07324219,28.95050049,28.37371826,24.67269897,9.50012207,22.65396118,122.9499817,120.5947876,20.84350586,20.97167969,23.58322144,23.37493896,22.57385254,23.77548218,19.11315918,22.46170044
54,2025-01-29 15:02:54-05:00,1.804141283,13.48649597,20.0164032,9.5462E-05,7.59718132,25.07324219,28.95050049,28.40576172,24.67269897,9.50012207,22.65396118,122.9499817,120.5947876,20.84350586,20.97167969,23.58322144,23.37493896,22.57385254,23.77548218,19.11315918,22.46170044
55,2025-01-29 15:02:55-05:00,1.804141283,13.48649597,20.0164032,9.5462E-05,7.59718132,25.07324219,28.95050049,28.40576172,24.67269897,9.50012207,22.65396118,122.9499817,120.5947876,20.84350586,20.97167969,23.58322144,23.37493896,22.57385254,23.77548218,19.11315918,22.46170044
56,2025-01-29 15:02:56-05:00,1.804141283,13.48649597,20.0164032,9.5462E-05,7.59718132,25.07324219,28.95050049,28.40576172,24.67269897,9.50012207,22.65396118,122.9499817,120.5947876,20.84350586,20.97167969,23.58322144,23.37493896,22.57385254,23.77548218,19.11315918,22.46170044
57,2025-01-29 15:02:57-05:00,1.804141283,13.48649597,20.0164032,9.5462E-05,7.59718132,25.07324219,28.95050049,28.40576172,24.67269897,9.50012207,22.65396118,122.9499817,120.5947876,20.84350586,20.97167969,23.58322144,23.37493896,22.57385254,23.77548218,19.11315918,22.46170044
58,2025-01-29 15:02:58-05:00,1.804141283,13.48649597,20.0164032,9.5462E-05,7.59718132,25.07324219,28.95050049,28.40576172,24.67269897,9.50012207,22.65396118,122.9499817,120.5947876,20.84350586,20.97167969,23.58322144,23.37493896,22.57385254,23.77548218,19.11315918,22.46170044
59,2025-01-29 15:02:59-05:00,1.788643718,13.48649597,20.00305176,9.5462E-05,7.64748764,25.07324219,28.95050049,28.42178345,24.67269897,9.50012207,22.65396118,122.9499817,120.5947876,20.84350586,20.97167969,23.58322144,23.37493896,22.57385254,23.77548218,19.11315918,22.46170044
60,2025-01-29 15:03:00-05:00,1.788643718,13.48649597,20.00305176,9.5462E-05,7.64748764,25.07324219,28.95050049,28.42178345,24.64065552,9.50012207,22.65396118,122.9499817,120.5947876,20.84350586,20.97167969,23.58322144,23.37493896,22.57385254,23.77548218,19.11315918,22.46170044
61,2025-01-29 15:03:01-05:00,1.788643718,13.48649597,20.00305176,9.5462E-05,7.64748764,25.07324219,28.95050049,28.42178345,24.64065552,9.50012207,22.65396118,122.8218079,120.274353,20.89157104,20.97167969,23.58322144,23.37493896,22.57385254,23.77548218,19.11315918,22.46170044
62,2025-01-29 15:03:02-05:00,1.788643718,13.48649597,20.00305176,9.5462E-05,7.64748764,25.07324219,28.87039185,28.42178345,24.64065552,9.50012207,22.65396118,122.8218079,120.274353,20.89157104,20.97167969,23.58322144,23.37493896,22.57385254,23.77548218,19.11315918,22.46170044
63,2025-01-29 15:03:03-05:00,1.788643718,13.48649597,20.00305176,9.5462E-05,7.64748764,25.07324219,28.87039185,28.42178345,24.64065552,9.50012207,22.65396118,122.8218079,120.274353,20.89157104,21.01974487,23.58322144,23.37493896,22.57385254,23.77548218,19.11315918,22.46170044
64,2025-01-29 15:03:04-05:00,1.788643718,13.48649597,20.00305176,9.5462E-05,7.64748764,25.07324219,28.87039185,28.42178345,24.64065552,9.50012207,22.65396118,122.8218079,120.274353,20.89157104,21.01974487,23.58322144,23.37493896,22.57385254,23.77548218,19.11315918,22.46170044
65,2025-01-29 15:03:05-05:00,1.788643718,13.48649597,20.00305176,9.5462E-05,7.64748764,25.07324219,28.87039185,28.42178345,24.64065552,9.50012207,22.65396118,122.8218079,120.274353,20.89157104,21.01974487,23.58322144,23.37493896,22.57385254,23.77548218,19.11315918,22.46170044
66,2025-01-29 15:03:06-05:00,1.788643718,13.48649597,20.00305176,9.5462E-05,7.64748764,25.07324219,28.87039185,28.42178345,24.64065552,9.50012207,22.65396118,122.8218079,120.274353,20.89157104,21.01974487,23.58322144,23.37493896,22.57385254,23.77548218,19.11315918,22.46170044
67,2025-01-29 15:03:07-05:00,1.788643718,13.51319885,20.00305176,9.5462E-05,7.64748764,25.07324219,28.87039185,28.42178345,24.64065552,9.50012207,22.65396118,122.8218079,120.274353,20.89157104,21.01974487,23.58322144,23.37493896,22.57385254,23.77548218,19.11315918,22.46170044
68,2025-01-29 15:03:08-05:00,1.788643718,13.51319885,20.00305176,9.5462E-05,7.64748764,25.07324219,28.87039185,28.42178345,24.64065552,9.50012207,22.65396118,122.8218079,120.274353,20.89157104,21.01974487,23.58322144,23.37493896,22.57385254,23.77548218,19.11315918,22.46170044
69,2025-01-29 15:03:09-05:00,1.817254543,13.51319885,19.98970032,9.5462E-05,7.628175735,25.07324219,28.87039185,28.37371826,24.64065552,9.50012207,22.65396118,122.8218079,120.274353,20.89157104,21.01974487,23.58322144,23.37493896,22.57385254,23.77548218,19.11315918,22.46170044
70,2025-01-29 15:03:10-05:00,1.817254543,13.51319885,19.98970032,9.5462E-05,7.628175735,25.07324219,28.87039185,28.37371826,24.64065552,9.50012207,22.65396118,122.8218079,120.274353,20.89157104,21.01974487,23.58322144,23.37493896,22.57385254,23.77548218,19.11315918,22.46170044
71,2025-01-29 15:03:11-05:00,1.817254543,13.51319885,19.98970032,9.5462E-05,7.628175735,25.07324219,28.87039185,28.37371826,24.64065552,9.50012207,22.65396118,122.6776123,120.2262878,20.84350586,21.01974487,23.58322144,23.37493896,22.57385254,23.77548218,19.11315918,22.46170044
72,2025-01-29 15:03:12-05:00,1.817254543,13.51319885,19.98970032,9.5462E-05,7.628175735,25.07324219,28.82232666,28.37371826,24.64065552,9.50012207,22.65396118,122.6776123,120.2262878,20.84350586,21.01974487,23.58322144,23.37493896,22.57385254,23.77548218,19.11315918,22.46170044
73,2025-01-29 15:03:13-05:00,1.817254543,13.51319885,19.98970032,9.5462E-05,7.628175735,25.07324219,28.82232666,28.37371826,24.64065552,9.50012207,22.65396118,122.6776123,120.2262878,20.84350586,21.01974487,23.58322144,23.37493896,22.57385254,23.77548218,19.06509399,22.46170044
74,2025-01-29 15:03:14-05:00,1.817254543,13.51319885,19.98970032,9.5462E-05,7.628175735,25.07324219,28.82232666,28.37371826,24.64065552,9.50012207,22.65396118,122.6776123,120.2262878,20.84350586,21.01974487,23.58322144,23.37493896,22.57385254,23.77548218,19.06509399,22.46170044
75,2025-01-29 15:03:15-05:00,1.817254543,13.51319885,19.98970032,9.5462E-05,7.628175735,25.07324219,28.82232666,28.37371826,24.64065552,9.50012207,22.65396118,122.6776123,120.2262878,20.84350586,21.01974487,23.58322144,23.37493896,22.57385254,23.77548218,19.06509399,22.46170044
76,2025-01-29 15:03:16-05:00,1.817254543,13.51319885,19.98970032,9.5462E-05,7.628175735,25.07324219,28.82232666,28.37371826,24.64065552,9.50012207,22.65396118,122.6776123,120.2262878,20.84350586,21.01974487,23.58322144,23.37493896,22.57385254,23.77548218,19.06509399,22.46170044
77,2025-01-29 15:03:17-05:00,1.817254543,13.49603271,19.98970032,9.5462E-05,7.628175735,25.07324219,28.82232666,28.37371826,24.64065552,9.50012207,22.65396118,122.6776123,120.2262878,20.84350586,21.01974487,23.58322144,23.37493896,22.57385254,23.77548218,19.06509399,22.46170044
78,2025-01-29 15:03:18-05:00,1.817254543,13.49603271,19.98970032,9.5462E-05,7.628175735,25.07324219,28.82232666,28.37371826,24.64065552,9.50012207,22.65396118,122.6776123,120.2262878,20.84350586,21.01974487,23.58322144,23.37493896,22.57385254,23.77548218,19.06509399,22.46170044
79,2025-01-29 15:03:19-05:00,1.804141283,13.49603271,20.00209808,9.5462E-05,7.599326134,25.07324219,28.82232666,28.42178345,24.64065552,9.50012207,22.65396118,122.6776123,120.2262878,20.84350586,21.01974487,23.58322144,23.37493896,22.57385254,23.77548218,19.06509399,22.46170044
80,2025-01-29 15:03:20-05:00,1.804141283,13.49603271,20.00209808,9.5462E-05,7.599326134,25.07324219,28.82232666,28.42178345,24.64065552,9.50012207,22.65396118,122.6776123,120.2262878,20.84350586,21.01974487,23.58322144,23.37493896,22.57385254,23.77548218,19.06509399,22.46170044
81,2025-01-29 15:03:21-05:00,1.804141283,13.49603271,20.00209808,9.5462E-05,7.599326134,25.07324219,28.82232666,28.42178345,24.64065552,9.50012207,22.65396118,122.869873,120.3704834,20.93963623,21.01974487,23.58322144,23.37493896,22.62191772,23.77548218,19.06509399,22.46170044
82,2025-01-29 15:03:22-05:00,1.804141283,13.49603271,20.00209808,9.5462E-05,7.599326134,25.07324219,28.95050049,28.42178345,24.64065552,9.50012207,22.65396118,122.869873,120.3704834,20.93963623,21.01974487,23.58322144,23.37493896,22.62191772,23.77548218,19.06509399,22.46170044
83,2025-01-29 15:03:23-05:00,1.804141283,13.49603271,20.00209808,9.5462E-05,7.599326134,25.07324219,28.95050049,28.42178345,24.64065552,9.50012207,22.65396118,122.869873,120.3704834,20.93963623,21.06781006,23.58322144,23.37493896,22.62191772,23.77548218,19.16122437,22.50976563
84,2025-01-29 15:03:24-05:00,1.788643718,13.49603271,20.00209808,9.5462E-05,7.599326134,25.07324219,28.95050049,28.42178345,24.64065552,9.50012207,22.65396118,122.869873,120.3704834,20.93963623,21.06781006,23.61526489,23.37493896,22.62191772,23.77548218,19.16122437,22.50976563
85,2025-01-29 15:03:25-05:00,1.788643718,13.49603271,20.00209808,9.5462E-05,7.599326134,25.07324219,28.95050049,28.42178345,24.64065552,9.50012207,22.65396118,122.869873,120.3704834,20.93963623,21.06781006,23.61526489,23.37493896,22.62191772,23.77548218,19.16122437,22.50976563
86,2025-01-29 15:03:26-05:00,1.788643718,13.49603271,20.00209808,9.5462E-05,7.599326134,25.07324219,28.95050049,28.42178345,24.64065552,9.50012207,22.65396118,122.869873,120.3704834,20.93963623,21.06781006,23.61526489,23.37493896,22.62191772,23.77548218,19.16122437,22.50976563
87,2025-01-29 15:03:27-05:00,1.788643718,13.49603271,20.00209808,9.5462E-05,7.599326134,25.07324219,28.95050049,28.42178345,24.64065552,9.50012207,22.65396118,122.869873,120.3704834,20.93963623,21.06781006,23.61526489,23.37493896,22.62191772,23.77548218,19.16122437,22.50976563
88,2025-01-29 15:03:28-05:00,1.788643718,13.49603271,20.00209808,9.5462E-05,7.599326134,25.07324219,28.95050049,28.42178345,24.64065552,9.50012207,22.65396118,122.869873,120.3704834,20.93963623,21.06781006,23.61526489,23.37493896,22.62191772,23.77548218,19.16122437,22.50976563
89,2025-01-29 15:03:29-05:00,1.800565004,13.49603271,20.02593994,9.5462E-05,7.612440109,25.07324219,28.95050049,28.42178345,24.64065552,9.50012207,22.65396118,122.869873,120.3704834,20.93963623,21.06781006,23.61526489,23.37493896,22.62191772,23.77548218,19.16122437,22.50976563
90,2025-01-29 15:03:30-05:00,1.800565004,13.49603271,20.02593994,9.5462E-05,7.612440109,25.07324219,28.95050049,28.42178345,24.67269897,9.50012207,22.65396118,122.869873,120.3704834,20.93963623,21.06781006,23.61526489,23.37493896,22.62191772,23.77548218,19.16122437,22.50976563
91,2025-01-29 15:03:31-05:00,1.800565004,13.49603271,20.02593994,9.5462E-05,7.612440109,25.07324219,28.95050049,28.42178345,24.67269897,9.50012207,22.65396118,122.8218079,120.3704834,20.84350586,21.06781006,23.61526489,23.37493896,22.62191772,23.77548218,19.16122437,22.50976563
92,2025-01-29 15:03:32-05:00,1.800565004,13.49603271,20.02593994,9.5462E-05,7.612440109,25.07324219,28.72619629,28.42178345,24.67269897,9.50012207,22.65396118,122.8218079,120.3704834,20.84350586,21.06781006,23.61526489,23.37493896,22.62191772,23.77548218,19.16122437,22.50976563
93,2025-01-29 15:03:33-05:00,1.800565004,13.49603271,20.02593994,9.5462E-05,7.612440109,25.07324219,28.72619629,28.42178345,24.67269897,9.50012207,22.65396118,122.8218079,120.3704834,20.84350586,21.01974487,23.61526489,23.37493896,22.62191772,23.77548218,19.06509399,22.46170044
94,2025-01-29 15:03:34-05:00,1.800565004,13.49603271,20.02593994,9.5462E-05,7.612440109,25.07324219,28.72619629,28.42178345,24.67269897,9.50012207,22.65396118,122.8218079,120.3704834,20.84350586,21.01974487,23.58322144,23.37493896,22.62191772,23.77548218,19.06509399,22.46170044
95,2025-01-29 15:03:35-05:00,1.800565004,13.49603271,20.02593994,9.5462E-05,7.612440109,25.07324219,28.72619629,28.42178345,24.67269897,9.468078613,22.65396118,122.8218079,120.3704834,20.84350586,21.01974487,23.58322144,23.37493896,22.62191772,23.77548218,19.06509399,22.46170044
96,2025-01-29 15:03:36-05:00,1.800565004,13.49603271,20.02593994,9.5462E-05,7.612440109,25.07324219,28.72619629,28.42178345,24.67269897,9.468078613,22.65396118,122.8218079,120.3704834,20.84350586,21.01974487,23.58322144,23.37493896,22.62191772,23.77548218,19.06509399,22.46170044
97,2025-01-29 15:03:37-05:00,1.800565004,13.49603271,20.02593994,9.5462E-05,7.612440109,25.07324219,28.72619629,28.42178345,24.67269897,9.468078613,22.65396118,122.8218079,120.3704834,20.84350586,21.01974487,23.58322144,23.37493896,22.62191772,23.77548218,19.06509399,22.46170044
98,2025-01-29 15:03:38-05:00,1.800565004,13.49603271,20.02593994,9.5462E-05,7.612440109,25.07324219,28.72619629,28.42178345,24.67269897,9.468078613,22.65396118,122.8218079,120.3704834,20.84350586,21.01974487,23.58322144,23.37493896,22.62191772,23.77548218,19.06509399,22.46170044
99,2025-01-29 15:03:39-05:00,1.789836049,13.49603271,19.99351501,9.5462E-05,7.612440109,25.07324219,28.72619629,28.42178345,24.67269897,9.468078613,22.65396118,122.8218079,120.3704834,20.84350586,21.01974487,23.58322144,23.37493896,22.62191772,23.80752563,19.06509399,22.46170044
100,2025-01-29 15:03:40-05:00,1.789836049,13.49603271,19.99351501,9.5462E-05,7.612440109,25.07324219,28.72619629,28.42178345,24.64065552,9.468078613,22.65396118,122.8218079,120.3704834,20.84350586,21.01974487,23.58322144,23.37493896,22.62191772,23.80752563,19.06509399,22.46170044
101,2025-01-29 15:03:41-05:00,1.789836049,13.49603271,19.99351501,9.5462E-05,7.612440109,25.07324219,28.72619629,28.42178345,24.64065552,9.468078613,22.65396118,122.8218079,120.4185486,20.84350586,21.01974487,23.58322144,23.37493896,22.57385254,23.80752563,19.06509399,22.46170044
102,2025-01-29 15:03:42-05:00,1.789836049,13.49603271,19.99351501,9.5462E-05,7.612440109,25.07324219,28.87039185,28.42178345,24.64065552,9.468078613,22.65396118,122.8218079,120.4185486,20.84350586,21.01974487,23.58322144,23.37493896,22.57385254,23.80752563,19.06509399,22.46170044
103,2025-01-29 15:03:43-05:00,1.789836049,13.49603271,19.99351501,9.5462E-05,7.612440109,25.07324219,28.87039185,28.42178345,24.64065552,9.468078613,22.65396118,122.8218079,120.4185486,20.84350586,20.97167969,23.58322144,23.37493896,22.57385254,23.80752563,19.11315918,22.46170044
104,2025-01-29 15:03:44-05:00,1.789836049,13.49603271,19.99351501,9.5462E-05,7.612440109,25.07324219,28.87039185,28.42178345,24.64065552,9.468078613,22.65396118,122.8218079,120.4185486,20.84350586,20.97167969,23.58322144,23.37493896,22.57385254,23.80752563,19.11315918,22.46170044
105,2025-01-29 15:03:45-05:00,1.789836049,13.49603271,19.99351501,9.5462E-05,7.612440109,25.07324219,28.87039185,28.42178345,24.64065552,9.50012207,22.65396118,122.8218079,120.4185486,20.84350586,20.97167969,23.58322144,23.37493896,22.57385254,23.80752563,19.11315918,22.46170044
106,2025-01-29 15:03:46-05:00,1.789836049,13.49603271,19.99351501,9.5462E-05,7.612440109,25.07324219,28.87039185,28.42178345,24.64065552,9.50012207,22.65396118,122.8218079,120.4185486,20.84350586,20.97167969,23.58322144,23.37493896,22.57385254,23.80752563,19.11315918,22.46170044
107,2025-01-29 15:03:47-05:00,1.789836049,13.49603271,19.99351501,9.5462E-05,7.612440109,25.07324219,28.87039185,28.42178345,24.64065552,9.50012207,22.65396118,122.8218079,120.4185486,20.84350586,20.97167969,23.58322144,23.37493896,22.57385254,23.80752563,19.11315918,22.46170044
108,2025-01-29 15:03:48-05:00,1.789836049,13.49603271,19.99351501,9.5462E-05,7.612440109,25.07324219,28.87039185,28.42178345,24.64065552,9.50012207,22.65396118,122.8218079,120.4185486,20.84350586,20.97167969,23.58322144,23.37493896,22.57385254,23.80752563,19.11315918,22.46170044
109,2025-01-29 15:03:49-05:00,1.800565004,13.49603271,19.99351501,9.5462E-05,7.595273972,25.07324219,28.87039185,28.37371826,24.64065552,9.50012207,22.65396118,122.8218079,120.4185486,20.84350586,20.97167969,23.58322144,23.32687378,22.57385254,23.77548218,19.11315918,22.46170044
110,2025-01-29 15:03:50-05:00,1.800565004,13.49603271,19.99351501,9.5462E-05,7.595273972,25.07324219,28.87039185,28.37371826,24.64065552,9.50012207,22.65396118,122.8218079,120.4185486,20.84350586,20.97167969,23.58322144,23.32687378,22.57385254,23.77548218,19.11315918,22.46170044
111,2025-01-29 15:03:51-05:00,1.800565004,13.49603271,19.99351501,9.5462E-05,7.595273972,25.07324219,28.87039185,28.37371826,24.64065552,9.50012207,22.65396118,122.6776123,120.2262878,20.89157104,20.97167969,23.58322144,23.32687378,22.57385254,23.77548218,19.11315918,22.46170044
112,2025-01-29 15:03:52-05:00,1.800565004,13.49603271,19.99351501,9.5462E-05,7.595273972,25.07324219,28.87039185,28.37371826,24.64065552,9.50012207,22.65396118,122.6776123,120.2262878,20.89157104,20.97167969,23.58322144,23.32687378,22.57385254,23.77548218,19.11315918,22.46170044
113,2025-01-29 15:03:53-05:00,1.800565004,13.49603271,19.99351501,9.5462E-05,7.595273972,25.07324219,28.87039185,28.37371826,24.64065552,9.50012207,22.65396118,122.6776123,120.2262878,20.89157104,21.01974487,23.58322144,23.32687378,22.57385254,23.77548218,19.06509399,22.46170044
114,2025-01-29 15:03:54-05:00,1.800565004,13.49603271,19.99351501,9.5462E-05,7.595273972,25.07324219,28.87039185,28.42178345,24.64065552,9.50012207,22.65396118,122.6776123,120.2262878,20.89157104,21.01974487,23.58322144,23.32687378,22.57385254,23.77548218,19.06509399,22.46170044
115,2025-01-29 15:03:55-05:00,1.800565004,13.49603271,19.99351501,9.5462E-05,7.595273972,25.07324219,28.87039185,28.42178345,24.64065552,9.468078613,22.65396118,122.6776123,120.2262878,20.89157104,21.01974487,23.58322144,23.32687378,22.57385254,23.77548218,19.06509399,22.46170044
116,2025-01-29 15:03:56-05:00,1.800565004,13.49603271,19.99351501,9.5462E-05,7.595273972,25.07324219,28.87039185,28.42178345,24.64065552,9.468078613,22.65396118,122.6776123,120.2262878,20.89157104,21.01974487,23.58322144,23.32687378,22.57385254,23.77548218,19.06509399,22.46170044
117,2025-01-29 15:03:57-05:00,1.800565004,13.49603271,19.99351501,9.5462E-05,7.595273972,25.07324219,28.87039185,28.42178345,24.64065552,9.468078613,22.65396118,122.6776123,120.2262878,20.89157104,21.01974487,23.58322144,23.32687378,22.57385254,23.77548218,19.06509399,22.46170044
118,2025-01-29 15:03:58-05:00,1.800565004,13.49603271,19.99351501,9.5462E-05,7.595273972,25.07324219,28.87039185,28.42178345,24.64065552,9.468078613,22.65396118,122.6776123,120.2262878,20.89157104,21.01974487,23.58322144,23.32687378,22.57385254,23.77548218,19.06509399,22.46170044
119,2025-01-29 15:03:59-05:00,1.800565004,13.49603271,19.99351501,9.5462E-05,7.642242432,25.07324219,28.87039185,28.37371826,24.64065552,9.468078613,22.65396118,122.6776123,120.2262878,20.89157104,21.01974487,23.58322144,23.37493896,22.57385254,23.77548218,19.06509399,22.46170044
120,2025-01-29 15:04:00-05:00,1.800565004,13.49603271,19.99351501,9.5462E-05,7.642242432,25.07324219,28.87039185,28.37371826,24.64065552,9.468078613,22.65396118,122.6776123,120.2262878,20.89157104,21.01974487,23.58322144,23.37493896,22.57385254,23.77548218,19.06509399,22.46170044
121,2025-01-29 15:04:01-05:00,1.800565004,13.49603271,19.99351501,9.5462E-05,7.642242432,25.07324219,28.87039185,28.37371826,24.64065552,9.468078613,22.65396118,122.6776123,120.274353,20.84350586,21.01974487,23.58322144,23.37493896,22.57385254,23.77548218,19.06509399,22.46170044
122,2025-01-29 15:04:02-05:00,1.800565004,13.49603271,19.99351501,9.5462E-05,7.642242432,25.07324219,28.91845703,28.37371826,24.64065552,9.468078613,22.65396118,122.6776123,120.274353,20.84350586,21.01974487,23.58322144,23.37493896,22.57385254,23.77548218,19.06509399,22.46170044
123,2025-01-29 15:04:03-05:00,1.800565004,13.49603271,19.99351501,9.5462E-05,7.642242432,25.07324219,28.91845703,28.37371826,24.64065552,9.468078613,22.65396118,122.6776123,120.274353,20.84350586,20.97167969,23.58322144,23.37493896,22.57385254,23.77548218,19.11315918,22.46170044
124,2025-01-29 15:04:04-05:00,1.786259532,13.49603271,19.99351501,9.5462E-05,7.642242432,25.07324219,28.91845703,28.37371826,24.64065552,9.468078613,22.65396118,122.6776123,120.274353,20.84350586,20.97167969,23.53515625,23.37493896,22.57385254,23.77548218,19.11315918,22.46170044
125,2025-01-29 15:04:05-05:00,1.786259532,13.49603271,19.99351501,9.5462E-05,7.642242432,25.07324219,28.91845703,28.37371826,24.64065552,9.452056885,22.65396118,122.6776123,120.274353,20.84350586,20.97167969,23.53515625,23.37493896,22.57385254,23.77548218,19.11315918,22.46170044
126,2025-01-29 15:04:06-05:00,1.786259532,13.49603271,19.99351501,9.5462E-05,7.642242432,25.07324219,28.91845703,28.37371826,24.64065552,9.452056885,22.65396118,122.6776123,120.274353,20.84350586,20.97167969,23.53515625,23.37493896,22.57385254,23.77548218,19.11315918,22.46170044
127,2025-01-29 15:04:07-05:00,1.786259532,13.51224518,19.99351501,9.5462E-05,7.642242432,25.07324219,28.91845703,28.37371826,24.64065552,9.452056885,22.65396118,122.6776123,120.274353,20.84350586,20.97167969,23.53515625,23.37493896,22.57385254,23.77548218,19.11315918,22.46170044
128,2025-01-29 15:04:08-05:00,1.786259532,13.51224518,19.99351501,9.5462E-05,7.642242432,25.07324219,28.91845703,28.37371826,24.64065552,9.452056885,22.65396118,122.6776123,120.274353,20.84350586,20.97167969,23.53515625,23.37493896,22.57385254,23.77548218,19.11315918,22.46170044
129,2025-01-29 15:04:09-05:00,1.786259532,13.51224518,19.99351501,9.5462E-05,7.599802971,25.07324219,28.91845703,28.42178345,24.64065552,9.452056885,22.65396118,122.6776123,120.274353,20.84350586,20.97167969,23.53515625,23.32687378,22.57385254,23.77548218,19.11315918,22.46170044
130,2025-01-29 15:04:10-05:00,1.786259532,13.51224518,19.99351501,9.5462E-05,7.599802971,25.07324219,28.91845703,28.42178345,24.64065552,9.452056885,22.65396118,122.6776123,120.274353,20.84350586,20.97167969,23.53515625,23.32687378,22.57385254,23.77548218,19.11315918,22.46170044
131,2025-01-29 15:04:11-05:00,1.786259532,13.51224518,19.99351501,9.5462E-05,7.599802971,25.07324219,28.91845703,28.42178345,24.64065552,9.452056885,22.65396118,122.8218079,120.3224182,20.89157104,20.97167969,23.53515625,23.32687378,22.62191772,23.77548218,19.11315918,22.46170044
132,2025-01-29 15:04:12-05:00,1.786259532,13.51224518,19.99351501,9.5462E-05,7.599802971,25.07324219,28.82232666,28.42178345,24.64065552,9.452056885,22.65396118,122.8218079,120.3224182,20.89157104,20.97167969,23.53515625,23.32687378,22.62191772,23.77548218,19.11315918,22.46170044
133,2025-01-29 15:04:13-05:00,1.786259532,13.51224518,19.99351501,9.5462E-05,7.599802971,25.07324219,28.82232666,28.42178345,24.64065552,9.452056885,22.65396118,122.8218079,120.3224182,20.89157104,21.06781006,23.53515625,23.32687378,22.62191772,23.77548218,19.11315918,22.50976563
134,2025-01-29 15:04:14-05:00,1.786259532,13.51224518,19.99351501,9.5462E-05,7.599802971,25.07324219,28.82232666,28.40576172,24.64065552,9.452056885,22.65396118,122.8218079,120.3224182,20.89157104,21.06781006,23.61526489,23.32687378,22.62191772,23.77548218,19.11315918,22.50976563
135,2025-01-29 15:04:15-05:00,1.786259532,13.51224518,19.99351501,9.5462E-05,7.599802971,25.07324219,28.82232666,28.40576172,24.64065552,9.50012207,22.65396118,122.8218079,120.3224182,20.89157104,21.06781006,23.61526489,23.32687378,22.62191772,23.77548218,19.11315918,22.50976563
136,2025-01-29 15:04:16-05:00,1.786259532,13.51224518,19.99351501,9.5462E-05,7.599802971,25.07324219,28.82232666,28.40576172,24.64065552,9.50012207,22.65396118,122.8218079,120.3224182,20.89157104,21.06781006,23.61526489,23.32687378,22.62191772,23.77548218,19.11315918,22.50976563
137,2025-01-29 15:04:17-05:00,1.786259532,13.49126434,19.99351501,9.5462E-05,7.599802971,25.07324219,28.82232666,28.40576172,24.64065552,9.50012207,22.65396118,122.8218079,120.3224182,20.89157104,21.06781006,23.61526489,23.32687378,22.62191772,23.77548218,19.11315918,22.50976563
138,2025-01-29 15:04:18-05:00,1.786259532,13.49126434,19.99351501,9.5462E-05,7.599802971,25.07324219,28.82232666,28.40576172,24.64065552,9.50012207,22.65396118,122.8218079,120.3224182,20.89157104,21.06781006,23.61526489,23.32687378,22.62191772,23.77548218,19.11315918,22.50976563
139,2025-01-29 15:04:19-05:00,1.798180819,13.49126434,20.01354218,9.5462E-05,7.644865513,25.07324219,28.82232666,28.42178345,24.64065552,9.50012207,22.65396118,122.8218079,120.3224182,20.89157104,21.06781006,23.61526489,23.37493896,22.62191772,23.77548218,19.11315918,22.50976563
140,2025-01-29 15:04:20-05:00,1.798180819,13.49126434,20.01354218,9.5462E-05,7.644865513,25.07324219,28.82232666,28.42178345,24.67269897,9.50012207,22.65396118,122.8218079,120.3224182,20.89157104,21.06781006,23.61526489,23.37493896,22.62191772,23.77548218,19.11315918,22.50976563
141,2025-01-29 15:04:21-05:00,1.798180819,13.49126434,20.01354218,9.5462E-05,7.644865513,25.07324219,28.82232666,28.42178345,24.67269897,9.50012207,22.65396118,122.8218079,120.3224182,20.84350586,21.06781006,23.61526489,23.37493896,22.57385254,23.77548218,19.11315918,22.50976563
142,2025-01-29 15:04:22-05:00,1.798180819,13.49126434,20.01354218,9.5462E-05,7.644865513,25.07324219,28.9024353,28.42178345,24.67269897,9.50012207,22.65396118,122.8218079,120.3224182,20.84350586,21.06781006,23.61526489,23.37493896,22.57385254,23.77548218,19.11315918,22.50976563
143,2025-01-29 15:04:23-05:00,1.798180819,13.49126434,20.01354218,9.5462E-05,7.644865513,25.07324219,28.9024353,28.42178345,24.67269897,9.50012207,22.65396118,122.8218079,120.3224182,20.84350586,20.97167969,23.61526489,23.37493896,22.57385254,23.77548218,19.06509399,22.42965698
144,2025-01-29 15:04:24-05:00,1.798180819,13.49126434,20.01354218,9.5462E-05,7.644865513,25.07324219,28.9024353,28.37371826,24.67269897,9.50012207,22.65396118,122.8218079,120.3224182,20.84350586,20.97167969,23.53515625,23.37493896,22.57385254,23.77548218,19.06509399,22.42965698
145,2025-01-29 15:04:25-05:00,1.798180819,13.49126434,20.01354218,9.5462E-05,7.644865513,25.07324219,28.9024353,28.37371826,24.67269897,9.50012207,22.65396118,122.8218079,120.3224182,20.84350586,20.97167969,23.53515625,23.37493896,22.57385254,23.77548218,19.06509399,22.42965698
146,2025-01-29 15:04:26-05:00,1.798180819,13.49126434,20.01354218,9.5462E-05,7.644865513,25.07324219,28.9024353,28.37371826,24.67269897,9.50012207,22.65396118,122.8218079,120.3224182,20.84350586,20.97167969,23.53515625,23.37493896,22.57385254,23.77548218,19.06509399,22.42965698
147,2025-01-29 15:04:27-05:00,1.798180819,13.49126434,20.01354218,9.5462E-05,7.644865513,25.07324219,28.9024353,28.37371826,24.67269897,9.50012207,22.65396118,122.8218079,120.3224182,20.84350586,20.97167969,23.53515625,23.37493896,22.57385254,23.77548218,19.06509399,22.42965698
148,2025-01-29 15:04:28-05:00,1.798180819,13.49126434,20.01354218,9.5462E-05,7.644865513,25.07324219,28.9024353,28.37371826,24.67269897,9.50012207,22.65396118,122.8218079,120.3224182,20.84350586,20.97167969,23.53515625,23.37493896,22.57385254,23.77548218,19.06509399,22.42965698
149,2025-01-29 15:04:29-05:00,1.798180819,13.49126434,19.99828339,9.5462E-05,7.644865513,25.07324219,28.9024353,28.42178345,24.67269897,9.50012207,22.65396118,122.8218079,120.3224182,20.84350586,20.97167969,23.53515625,23.32687378,22.57385254,23.77548218,19.06509399,22.42965698
150,2025-01-29 15:04:30-05:00,1.798180819,13.49126434,19.99828339,9.5462E-05,7.644865513,25.07324219,28.9024353,28.42178345,24.64065552,9.50012207,22.65396118,122.8218079,120.3224182,20.84350586,20.97167969,23.53515625,23.32687378,22.57385254,23.77548218,19.06509399,22.42965698
151,2025-01-29 15:04:31-05:00,1.798180819,13.49126434,19.99828339,9.5462E-05,7.644865513,25.07324219,28.9024353,28.42178345,24.64065552,9.50012207,22.65396118,122.9179382,120.4986572,20.84350586,20.97167969,23.53515625,23.32687378,22.52578735,23.77548218,19.06509399,22.42965698
152,2025-01-29 15:04:32-05:00,1.798180819,13.49126434,19.99828339,9.5462E-05,7.644865513,25.07324219,28.77426147,28.42178345,24.64065552,9.50012207,22.65396118,122.9179382,120.4986572,20.84350586,20.97167969,23.53515625,23.32687378,22.52578735,23.77548218,19.06509399,22.42965698
153,2025-01-29 15:04:33-05:00,1.798180819,13.49126434,19.99828339,9.5462E-05,7.644865513,25.07324219,28.77426147,28.42178345,24.64065552,9.50012207,22.65396118,122.9179382,120.4986572,20.84350586,20.97167969,23.53515625,23.32687378,22.52578735,23.77548218,19.08111572,22.46170044
154,2025-01-29 15:04:34-05:00,1.78149116,13.49126434,19.99828339,9.5462E-05,7.644865513,25.07324219,28.77426147,28.37371826,24.64065552,9.50012207,22.65396118,122.9179382,120.4986572,20.84350586,20.97167969,23.58322144,23.32687378,22.52578735,23.77548218,19.08111572,22.46170044
155,2025-01-29 15:04:35-05:00,1.78149116,13.49126434,19.99828339,9.5462E-05,7.644865513,25.07324219,28.77426147,28.37371826,24.64065552,9.50012207,22.65396118,122.9179382,120.4986572,20.84350586,20.97167969,23.58322144,23.32687378,22.52578735,23.77548218,19.08111572,22.46170044
156,2025-01-29 15:04:36-05:00,1.78149116,13.49126434,19.99828339,9.5462E-05,7.644865513,25.07324219,28.77426147,28.37371826,24.64065552,9.50012207,22.65396118,122.9179382,120.4986572,20.84350586,20.97167969,23.58322144,23.32687378,22.52578735,23.77548218,19.08111572,22.46170044
157,2025-01-29 15:04:37-05:00,1.78149116,13.49126434,19.99828339,9.5462E-05,7.644865513,25.07324219,28.77426147,28.37371826,24.64065552,9.50012207,22.65396118,122.9179382,120.4986572,20.84350586,20.97167969,23.58322144,23.32687378,22.52578735,23.77548218,19.08111572,22.46170044
158,2025-01-29 15:04:38-05:00,1.78149116,13.49126434,19.99828339,9.5462E-05,7.644865513,25.07324219,28.77426147,28.37371826,24.64065552,9.50012207,22.65396118,122.9179382,120.4986572,20.84350586,20.97167969,23.58322144,23.32687378,22.52578735,23.77548218,19.08111572,22.46170044
159,2025-01-29 15:04:39-05:00,1.78149116,13.49126434,20.0087738,9.5462E-05,7.612440109,25.07324219,28.77426147,28.40576172,24.64065552,9.50012207,22.65396118,122.9179382,120.4986572,20.84350586,20.97167969,23.58322144,23.32687378,22.52578735,23.77548218,19.08111572,22.46170044
160,2025-01-29 15:04:40-05:00,1.78149116,13.49126434,20.0087738,9.5462E-05,7.612440109,25.07324219,28.77426147,28.40576172,24.64065552,9.50012207,22.65396118,122.9179382,120.4986572,20.84350586,20.97167969,23.58322144,23.32687378,22.52578735,23.77548218,19.08111572,22.46170044
161,2025-01-29 15:04:41-05:00,1.78149116,13.49126434,20.0087738,9.5462E-05,7.612440109,25.07324219,28.77426147,28.40576172,24.64065552,9.50012207,22.65396118,122.6776123,120.1782227,20.89157104,20.97167969,23.58322144,23.32687378,22.57385254,23.77548218,19.08111572,22.46170044
162,2025-01-29 15:04:42-05:00,1.78149116,13.49126434,20.0087738,9.5462E-05,7.612440109,25.07324219,28.82232666,28.40576172,24.64065552,9.50012207,22.65396118,122.6776123,120.1782227,20.89157104,20.97167969,23.58322144,23.32687378,22.57385254,23.77548218,19.08111572,22.46170044
163,2025-01-29 15:04:43-05:00,1.78149116,13.49126434,20.0087738,9.5462E-05,7.612440109,25.07324219,28.82232666,28.40576172,24.64065552,9.50012207,22.65396118,122.6776123,120.1782227,20.89157104,21.01974487,23.58322144,23.32687378,22.57385254,23.77548218,19.11315918,22.46170044
164,2025-01-29 15:04:44-05:00,1.796988726,13.49126434,20.0087738,9.5462E-05,7.612440109,25.07324219,28.82232666,28.37371826,24.64065552,9.50012207,22.65396118,122.6776123,120.1782227,20.89157104,21.01974487,23.58322144,23.32687378,22.57385254,23.77548218,19.11315918,22.46170044
165,2025-01-29 15:04:45-05:00,1.796988726,13.49126434,20.0087738,9.5462E-05,7.612440109,25.07324219,28.82232666,28.37371826,24.64065552,9.50012207,22.65396118,122.6776123,120.1782227,20.89157104,21.01974487,23.58322144,23.32687378,22.57385254,23.77548218,19.11315918,22.46170044
166,2025-01-29 15:04:46-05:00,1.796988726,13.49126434,20.0087738,9.5462E-05,7.612440109,25.07324219,28.82232666,28.37371826,24.64065552,9.50012207,22.65396118,122.6776123,120.1782227,20.89157104,21.01974487,23.58322144,23.32687378,22.57385254,23.77548218,19.11315918,22.46170044
167,2025-01-29 15:04:47-05:00,1.796988726,13.49126434,20.0087738,9.5462E-05,7.612440109,25.07324219,28.82232666,28.37371826,24.64065552,9.50012207,22.65396118,122.6776123,120.1782227,20.89157104,21.01974487,23.58322144,23.32687378,22.57385254,23.77548218,19.11315918,22.46170044
168,2025-01-29 15:04:48-05:00,1.796988726,13.49126434,20.0087738,9.5462E-05,7.612440109,25.07324219,28.82232666,28.37371826,24.64065552,9.50012207,22.65396118,122.6776123,120.1782227,20.89157104,21.01974487,23.58322144,23.32687378,22.57385254,23.77548218,19.11315918,22.46170044
169,2025-01-29 15:04:49-05:00,1.796988726,13.49126434,19.99351501,9.5462E-05,7.552357197,25.07324219,28.82232666,28.37371826,24.64065552,9.50012207,22.65396118,122.6776123,120.1782227,20.89157104,21.01974487,23.58322144,23.37493896,22.57385254,23.77548218,19.11315918,22.46170044
170,2025-01-29 15:04:50-05:00,1.796988726,13.49126434,19.99351501,9.5462E-05,7.552357197,25.07324219,28.82232666,28.37371826,24.64065552,9.50012207,22.65396118,122.6776123,120.1782227,20.89157104,21.01974487,23.58322144,23.37493896,22.57385254,23.77548218,19.11315918,22.46170044
171,2025-01-29 15:04:51-05:00,1.796988726,13.49126434,19.99351501,9.5462E-05,7.552357197,25.07324219,28.82232666,28.37371826,24.64065552,9.50012207,22.65396118,122.6776123,120.1301575,20.89157104,21.01974487,23.58322144,23.37493896,22.57385254,23.77548218,19.11315918,22.46170044
172,2025-01-29 15:04:52-05:00,1.796988726,13.49126434,19.99351501,9.5462E-05,7.552357197,25.07324219,28.82232666,28.37371826,24.64065552,9.50012207,22.65396118,122.6776123,120.1301575,20.89157104,21.01974487,23.58322144,23.37493896,22.57385254,23.77548218,19.11315918,22.46170044
173,2025-01-29 15:04:53-05:00,1.796988726,13.49126434,19.99351501,9.5462E-05,7.552357197,25.07324219,28.82232666,28.37371826,24.64065552,9.50012207,22.65396118,122.6776123,120.1301575,20.89157104,21.01974487,23.58322144,23.37493896,22.57385254,23.77548218,19.06509399,22.46170044
174,2025-01-29 15:04:54-05:00,1.81129384,13.49126434,19.99351501,9.5462E-05,7.552357197,25.07324219,28.82232666,28.42178345,24.64065552,9.50012207,22.65396118,122.6776123,120.1301575,20.89157104,21.01974487,23.58322144,23.37493896,22.57385254,23.77548218,19.06509399,22.46170044
175,2025-01-29 15:04:55-05:00,1.81129384,13.49126434,19.99351501,9.5462E-05,7.552357197,25.07324219,28.82232666,28.42178345,24.64065552,9.468078613,22.65396118,122.6776123,120.1301575,20.89157104,21.01974487,23.58322144,23.37493896,22.57385254,23.77548218,19.06509399,22.46170044
176,2025-01-29 15:04:56-05:00,1.81129384,13.49126434,19.99351501,9.5462E-05,7.552357197,25.07324219,28.82232666,28.42178345,24.64065552,9.468078613,22.65396118,122.6776123,120.1301575,20.89157104,21.01974487,23.58322144,23.37493896,22.57385254,23.77548218,19.06509399,22.46170044
177,2025-01-29 15:04:57-05:00,1.81129384,13.49126434,19.99351501,9.5462E-05,7.552357197,25.07324219,28.82232666,28.42178345,24.64065552,9.468078613,22.65396118,122.6776123,120.1301575,20.89157104,21.01974487,23.58322144,23.37493896,22.57385254,23.77548218,19.06509399,22.46170044
178,2025-01-29 15:04:58-05:00,1.81129384,13.49126434,19.99351501,9.5462E-05,7.552357197,25.07324219,28.82232666,28.42178345,24.64065552,9.468078613,22.65396118,122.6776123,120.1301575,20.89157104,21.01974487,23.58322144,23.37493896,22.57385254,23.77548218,19.06509399,22.46170044
179,2025-01-29 15:04:59-05:00,1.81129384,13.49126434,19.99351501,9.5462E-05,7.599326134,25.07324219,28.82232666,28.40576172,24.64065552,9.468078613,22.65396118,122.6776123,120.1301575,20.89157104,21.01974487,23.58322144,23.37493896,22.57385254,23.77548218,19.06509399,22.46170044
180,2025-01-29 15:05:00-05:00,1.81129384,13.49126434,19.99351501,9.5462E-05,7.599326134,25.07324219,28.82232666,28.40576172,24.64065552,9.468078613,22.65396118,122.6776123,120.1301575,20.89157104,21.01974487,23.58322144,23.37493896,22.57385254,23.77548218,19.06509399,22.46170044
181,2025-01-29 15:05:01-05:00,1.81129384,13.49126434,19.99351501,9.5462E-05,7.599326134,25.07324219,28.82232666,28.40576172,24.64065552,9.468078613,22.65396118,122.8218079,120.4185486,20.89157104,21.01974487,23.58322144,23.37493896,22.57385254,23.77548218,19.06509399,22.46170044
182,2025-01-29 15:05:02-05:00,1.81129384,13.49126434,19.99351501,9.5462E-05,7.599326134,25.07324219,28.87039185,28.40576172,24.64065552,9.468078613,22.65396118,122.8218079,120.4185486,20.89157104,21.01974487,23.58322144,23.37493896,22.57385254,23.77548218,19.06509399,22.46170044
183,2025-01-29 15:05:03-05:00,1.81129384,13.49126434,19.99351501,9.5462E-05,7.599326134,25.07324219,28.87039185,28.40576172,24.64065552,9.468078613,22.65396118,122.8218079,120.4185486,20.89157104,21.01974487,23.58322144,23.37493896,22.57385254,23.77548218,19.11315918,22.46170044
184,2025-01-29 15:05:04-05:00,1.81129384,13.49126434,19.99351501,9.5462E-05,7.599326134,25.07324219,28.87039185,28.42178345,24.64065552,9.468078613,22.65396118,122.8218079,120.4185486,20.89157104,21.01974487,23.58322144,23.37493896,22.57385254,23.77548218,19.11315918,22.46170044
185,2025-01-29 15:05:05-05:00,1.81129384,13.49126434,19.99351501,9.5462E-05,7.599326134,25.07324219,28.87039185,28.42178345,24.64065552,9.50012207,22.65396118,122.8218079,120.4185486,20.89157104,21.01974487,23.58322144,23.37493896,22.57385254,23.77548218,19.11315918,22.46170044
186,2025-01-29 15:05:06-05:00,1.81129384,13.49126434,19.99351501,9.5462E-05,7.599326134,25.07324219,28.87039185,28.42178345,24.64065552,9.50012207,22.65396118,122.8218079,120.4185486,20.89157104,21.01974487,23.58322144,23.37493896,22.57385254,23.77548218,19.11315918,22.46170044
187,2025-01-29 15:05:07-05:00,1.81129384,13.51415253,19.99351501,9.5462E-05,7.599326134,25.07324219,28.87039185,28.42178345,24.64065552,9.50012207,22.65396118,122.8218079,120.4185486,20.89157104,21.01974487,23.58322144,23.37493896,22.57385254,23.77548218,19.11315918,22.46170044
188,2025-01-29 15:05:08-05:00,1.81129384,13.51415253,19.99351501,9.5462E-05,7.599326134,25.07324219,28.87039185,28.42178345,24.64065552,9.50012207,22.65396118,122.8218079,120.4185486,20.89157104,21.01974487,23.58322144,23.37493896,22.57385254,23.77548218,19.11315918,22.46170044
189,2025-01-29 15:05:09-05:00,1.792220235,13.51415253,20.01449585,9.5462E-05,7.62412262,25.07324219,28.87039185,28.42178345,24.64065552,9.50012207,22.65396118,122.8218079,120.4185486,20.89157104,21.01974487,23.58322144,23.37493896,22.57385254,23.77548218,19.11315918,22.46170044
190,2025-01-29 15:05:10-05:00,1.792220235,13.51415253,20.01449585,9.5462E-05,7.62412262,25.07324219,28.87039185,28.42178345,24.64065552,9.50012207,22.65396118,122.8218079,120.4185486,20.89157104,21.01974487,23.58322144,23.37493896,22.57385254,23.77548218,19.11315918,22.46170044
191,2025-01-29 15:05:11-05:00,1.792220235,13.51415253,20.01449585,9.5462E-05,7.62412262,25.07324219,28.87039185,28.42178345,24.64065552,9.50012207,22.65396118,122.6295471,120.1301575,20.84350586,21.01974487,23.58322144,23.37493896,22.57385254,23.77548218,19.11315918,22.46170044
192,2025-01-29 15:05:12-05:00,1.792220235,13.51415253,20.01449585,9.5462E-05,7.62412262,25.07324219,28.87039185,28.42178345,24.64065552,9.50012207,22.65396118,122.6295471,120.1301575,20.84350586,21.01974487,23.58322144,23.37493896,22.57385254,23.77548218,19.11315918,22.46170044
193,2025-01-29 15:05:13-05:00,1.792220235,13.51415253,20.01449585,9.5462E-05,7.62412262,25.07324219,28.87039185,28.42178345,24.64065552,9.50012207,22.65396118,122.6295471,120.1301575,20.84350586,20.97167969,23.58322144,23.37493896,22.57385254,23.77548218,19.06509399,22.46170044
194,2025-01-29 15:05:14-05:00,1.814870358,13.51415253,20.01449585,9.5462E-05,7.62412262,25.07324219,28.87039185,28.37371826,24.64065552,9.50012207,22.65396118,122.6295471,120.1301575,20.84350586,20.97167969,23.58322144,23.37493896,22.57385254,23.77548218,19.06509399,22.46170044
195,2025-01-29 15:05:15-05:00,1.814870358,13.51415253,20.01449585,9.5462E-05,7.62412262,25.07324219,28.87039185,28.37371826,24.64065552,9.468078613,22.65396118,122.6295471,120.1301575,20.84350586,20.97167969,23.58322144,23.37493896,22.57385254,23.77548218,19.06509399,22.46170044
196,2025-01-29 15:05:16-05:00,1.814870358,13.51415253,20.01449585,9.5462E-05,7.62412262,25.07324219,28.87039185,28.37371826,24.64065552,9.468078613,22.65396118,122.6295471,120.1301575,20.84350586,20.97167969,23.58322144,23.37493896,22.57385254,23.77548218,19.06509399,22.46170044
197,2025-01-29 15:05:17-05:00,1.814870358,13.51415253,20.01449585,9.5462E-05,7.62412262,25.07324219,28.87039185,28.37371826,24.64065552,9.468078613,22.65396118,122.6295471,120.1301575,20.84350586,20.97167969,23.58322144,23.37493896,22.57385254,23.77548218,19.06509399,22.46170044
198,2025-01-29 15:05:18-05:00,1.814870358,13.51415253,20.01449585,9.5462E-05,7.62412262,25.07324219,28.87039185,28.37371826,24.64065552,9.468078613,22.65396118,122.6295471,120.1301575,20.84350586,20.97167969,23.58322144,23.37493896,22.57385254,23.77548218,19.06509399,22.46170044
199,2025-01-29 15:05:19-05:00,1.800565004,13.51415253,20.01449585,9.5462E-05,7.610055923,25.07324219,28.87039185,28.37371826,24.64065552,9.468078613,22.65396118,122.6295471,120.1301575,20.84350586,20.97167969,23.58322144,23.32687378,22.57385254,23.77548218,19.06509399,22.46170044
200,2025-01-29 15:05:20-05:00,1.800565004,13.51415253,20.01449585,9.5462E-05,7.610055923,25.07324219,28.87039185,28.37371826,24.64065552,9.468078613,22.65396118,122.6295471,120.1301575,20.84350586,20.97167969,23.58322144,23.32687378,22.57385254,23.77548218,19.06509399,22.46170044
201,2025-01-29 15:05:21-05:00,1.800565004,13.51415253,20.01449585,9.5462E-05,7.610055923,25.07324219,28.87039185,28.37371826,24.64065552,9.468078613,22.65396118,122.6776123,120.1782227,20.93963623,20.97167969,23.58322144,23.32687378,22.62191772,23.77548218,19.06509399,22.46170044
202,2025-01-29 15:05:22-05:00,1.800565004,13.51415253,20.01449585,9.5462E-05,7.610055923,25.07324219,28.82232666,28.37371826,24.64065552,9.468078613,22.65396118,122.6776123,120.1782227,20.93963623,20.97167969,23.58322144,23.32687378,22.62191772,23.77548218,19.06509399,22.46170044
203,2025-01-29 15:05:23-05:00,1.800565004,13.51415253,20.01449585,9.5462E-05,7.610055923,25.07324219,28.82232666,28.37371826,24.64065552,9.468078613,22.65396118,122.6776123,120.1782227,20.93963623,21.06781006,23.58322144,23.32687378,22.62191772,23.77548218,19.16122437,22.50976563
204,2025-01-29 15:05:24-05:00,1.800565004,13.51415253,20.01449585,9.5462E-05,7.610055923,25.07324219,28.82232666,28.37371826,24.64065552,9.468078613,22.65396118,122.6776123,120.1782227,20.93963623,21.06781006,23.58322144,23.32687378,22.62191772,23.77548218,19.16122437,22.50976563
205,2025-01-29 15:05:25-05:00,1.800565004,13.51415253,20.01449585,9.5462E-05,7.610055923,25.07324219,28.82232666,28.37371826,24.64065552,9.468078613,22.65396118,122.6776123,120.1782227,20.93963623,21.06781006,23.58322144,23.32687378,22.62191772,23.77548218,19.16122437,22.50976563
206,2025-01-29 15:05:26-05:00,1.800565004,13.51415253,20.01449585,9.5462E-05,7.610055923,25.07324219,28.82232666,28.37371826,24.64065552,9.468078613,22.65396118,122.6776123,120.1782227,20.93963623,21.06781006,23.58322144,23.32687378,22.62191772,23.77548218,19.16122437,22.50976563
207,2025-01-29 15:05:27-05:00,1.800565004,13.47695923,20.01449585,9.5462E-05,7.610055923,25.07324219,28.82232666,28.37371826,24.64065552,9.468078613,22.65396118,122.6776123,120.1782227,20.93963623,21.06781006,23.58322144,23.32687378,22.62191772,23.77548218,19.16122437,22.50976563
208,2025-01-29 15:05:28-05:00,1.800565004,13.47695923,20.01449585,9.5462E-05,7.610055923,25.07324219,28.82232666,28.37371826,24.64065552,9.468078613,22.65396118,122.6776123,120.1782227,20.93963623,21.06781006,23.58322144,23.32687378,22.62191772,23.77548218,19.16122437,22.50976563
209,2025-01-29 15:05:29-05:00,1.800565004,13.47695923,20.01449585,9.5462E-05,7.610055923,25.07324219,28.82232666,28.42178345,24.64065552,9.468078613,22.65396118,122.6776123,120.1782227,20.93963623,21.06781006,23.58322144,23.37493896,22.62191772,23.77548218,19.16122437,22.50976563
210,2025-01-29 15:05:30-05:00,1.800565004,13.47695923,20.01449585,9.5462E-05,7.610055923,25.07324219,28.82232666,28.42178345,24.64065552,9.468078613,22.65396118,122.6776123,120.1782227,20.93963623,21.06781006,23.58322144,23.37493896,22.62191772,23.77548218,19.16122437,22.50976563
211,2025-01-29 15:05:31-05:00,1.800565004,13.47695923,20.01449585,9.5462E-05,7.610055923,25.07324219,28.82232666,28.42178345,24.64065552,9.468078613,22.65396118,122.7256775,120.2262878,20.89157104,21.06781006,23.58322144,23.37493896,22.57385254,23.77548218,19.16122437,22.50976563
212,2025-01-29 15:05:32-05:00,1.800565004,13.47695923,20.01449585,9.5462E-05,7.610055923,25.07324219,28.77426147,28.42178345,24.64065552,9.468078613,22.65396118,122.7256775,120.2262878,20.89157104,21.06781006,23.58322144,23.37493896,22.57385254,23.77548218,19.16122437,22.50976563
213,2025-01-29 15:05:33-05:00,1.800565004,13.47695923,20.01449585,9.5462E-05,7.610055923,25.07324219,28.77426147,28.42178345,24.64065552,9.468078613,22.65396118,122.7256775,120.2262878,20.89157104,21.01974487,23.58322144,23.37493896,22.57385254,23.77548218,19.11315918,22.46170044
214,2025-01-29 15:05:34-05:00,1.800565004,13.47695923,20.01449585,9.5462E-05,7.610055923,25.07324219,28.77426147,28.37371826,24.64065552,9.468078613,22.65396118,122.7256775,120.2262878,20.89157104,21.01974487,23.58322144,23.37493896,22.57385254,23.77548218,19.11315918,22.46170044
215,2025-01-29 15:05:35-05:00,1.800565004,13.47695923,20.01449585,9.5462E-05,7.610055923,25.07324219,28.77426147,28.37371826,24.64065552,9.50012207,22.65396118,122.7256775,120.2262878,20.89157104,21.01974487,23.58322144,23.37493896,22.57385254,23.77548218,19.11315918,22.46170044
216,2025-01-29 15:05:36-05:00,1.800565004,13.47695923,20.01449585,9.5462E-05,7.610055923,25.07324219,28.77426147,28.37371826,24.64065552,9.50012207,22.65396118,122.7256775,120.2262878,20.89157104,21.01974487,23.58322144,23.37493896,22.57385254,23.77548218,19.11315918,22.46170044
217,2025-01-29 15:05:37-05:00,1.800565004,13.49221802,20.01449585,9.5462E-05,7.610055923,25.07324219,28.77426147,28.37371826,24.64065552,9.50012207,22.65396118,122.7256775,120.2262878,20.89157104,21.01974487,23.58322144,23.37493896,22.57385254,23.77548218,19.11315918,22.46170044
218,2025-01-29 15:05:38-05:00,1.800565004,13.49221802,20.01449585,9.5462E-05,7.610055923,25.07324219,28.77426147,28.37371826,24.64065552,9.50012207,22.65396118,122.7256775,120.2262878,20.89157104,21.01974487,23.58322144,23.37493896,22.57385254,23.77548218,19.11315918,22.46170044
219,2025-01-29 15:05:39-05:00,1.800565004,13.49221802,20.01449585,9.5462E-05,7.643435001,25.07324219,28.77426147,28.37371826,24.64065552,9.50012207,22.65396118,122.7256775,120.2262878,20.89157104,21.01974487,23.58322144,23.37493896,22.57385254,23.77548218,19.11315918,22.46170044
220,2025-01-29 15:05:40-05:00,1.800565004,13.49221802,20.01449585,9.5462E-05,7.643435001,25.07324219,28.77426147,28.37371826,24.64065552,9.50012207,22.65396118,122.7256775,120.2262878,20.89157104,21.01974487,23.58322144,23.37493896,22.57385254,23.77548218,19.11315918,22.46170044
221,2025-01-29 15:05:41-05:00,1.800565004,13.49221802,20.01449585,9.5462E-05,7.643435001,25.07324219,28.77426147,28.37371826,24.64065552,9.50012207,22.65396118,122.5494385,120.0019836,20.84350586,21.01974487,23.58322144,23.37493896,22.57385254,23.77548218,19.11315918,22.46170044
222,2025-01-29 15:05:42-05:00,1.800565004,13.49221802,20.01449585,9.5462E-05,7.643435001,25.07324219,28.82232666,28.37371826,24.64065552,9.50012207,22.65396118,122.5494385,120.0019836,20.84350586,21.01974487,23.58322144,23.37493896,22.57385254,23.77548218,19.11315918,22.46170044
223,2025-01-29 15:05:43-05:00,1.800565004,13.49221802,20.01449585,9.5462E-05,7.643435001,25.07324219,28.82232666,28.37371826,24.64065552,9.50012207,22.65396118,122.5494385,120.0019836,20.84350586,20.97167969,23.58322144,23.37493896,22.57385254,23.77548218,19.06509399,22.42965698
224,2025-01-29 15:05:44-05:00,1.814870358,13.49221802,20.01449585,9.5462E-05,7.643435001,25.07324219,28.82232666,28.37371826,24.64065552,9.50012207,22.65396118,122.5494385,120.0019836,20.84350586,20.97167969,23.58322144,23.37493896,22.57385254,23.77548218,19.06509399,22.42965698
225,2025-01-29 15:05:45-05:00,1.814870358,13.49221802,20.01449585,9.5462E-05,7.643435001,25.07324219,28.82232666,28.37371826,24.64065552,9.50012207,22.65396118,122.5494385,120.0019836,20.84350586,20.97167969,23.58322144,23.37493896,22.57385254,23.77548218,19.06509399,22.42965698
226,2025-01-29 15:05:46-05:00,1.814870358,13.49221802,20.01449585,9.5462E-05,7.643435001,25.07324219,28.82232666,28.37371826,24.64065552,9.50012207,22.65396118,122.5494385,120.0019836,20.84350586,20.97167969,23.58322144,23.37493896,22.57385254,23.77548218,19.06509399,22.42965698
227,2025-01-29 15:05:47-05:00,1.814870358,13.49221802,20.01449585,9.5462E-05,7.643435001,25.07324219,28.82232666,28.37371826,24.64065552,9.50012207,22.65396118,122.5494385,120.0019836,20.84350586,20.97167969,23.58322144,23.37493896,22.57385254,23.77548218,19.06509399,22.42965698
228,2025-01-29 15:05:48-05:00,1.814870358,13.49221802,20.01449585,9.5462E-05,7.643435001,25.07324219,28.82232666,28.37371826,24.64065552,9.50012207,22.65396118,122.5494385,120.0019836,20.84350586,20.97167969,23.58322144,23.37493896,22.57385254,23.77548218,19.06509399,22.42965698
229,2025-01-29 15:05:49-05:00,1.814870358,13.49221802,20.00305176,9.5462E-05,7.621023178,25.07324219,28.82232666,28.37371826,24.64065552,9.50012207,22.65396118,122.5494385,120.0019836,20.84350586,20.97167969,23.58322144,23.37493896,22.57385254,23.77548218,19.06509399,22.42965698
230,2025-01-29 15:05:50-05:00,1.814870358,13.49221802,20.00305176,9.5462E-05,7.621023178,25.07324219,28.82232666,28.37371826,24.64065552,9.50012207,22.65396118,122.5494385,120.0019836,20.84350586,20.97167969,23.58322144,23.37493896,22.57385254,23.77548218,19.06509399,22.42965698
231,2025-01-29 15:05:51-05:00,1.814870358,13.49221802,20.00305176,9.5462E-05,7.621023178,25.07324219,28.82232666,28.37371826,24.64065552,9.50012207,22.65396118,122.6295471,120.1782227,20.89157104,20.97167969,23.58322144,23.37493896,22.62191772,23.77548218,19.06509399,22.42965698
232,2025-01-29 15:05:52-05:00,1.814870358,13.49221802,20.00305176,9.5462E-05,7.621023178,25.07324219,28.87039185,28.37371826,24.64065552,9.50012207,22.65396118,122.6295471,120.1782227,20.89157104,20.97167969,23.58322144,23.37493896,22.62191772,23.77548218,19.06509399,22.42965698
233,2025-01-29 15:05:53-05:00,1.814870358,13.49221802,20.00305176,9.5462E-05,7.621023178,25.07324219,28.87039185,28.37371826,24.64065552,9.50012207,22.65396118,122.6295471,120.1782227,20.89157104,21.06781006,23.58322144,23.37493896,22.62191772,23.77548218,19.11315918,22.50976563
234,2025-01-29 15:05:54-05:00,1.800565004,13.49221802,20.00305176,9.5462E-05,7.621023178,25.07324219,28.87039185,28.42178345,24.64065552,9.50012207,22.65396118,122.6295471,120.1782227,20.89157104,21.06781006,23.61526489,23.37493896,22.62191772,23.77548218,19.11315918,22.50976563
235,2025-01-29 15:05:55-05:00,1.800565004,13.49221802,20.00305176,9.5462E-05,7.621023178,25.07324219,28.87039185,28.42178345,24.64065552,9.468078613,22.65396118,122.6295471,120.1782227,20.89157104,21.06781006,23.61526489,23.37493896,22.62191772,23.77548218,19.11315918,22.50976563
236,2025-01-29 15:05:56-05:00,1.800565004,13.49221802,20.00305176,9.5462E-05,7.621023178,25.07324219,28.87039185,28.42178345,24.64065552,9.468078613,22.65396118,122.6295471,120.1782227,20.89157104,21.06781006,23.61526489,23.37493896,22.62191772,23.77548218,19.11315918,22.50976563
237,2025-01-29 15:05:57-05:00,1.800565004,13.49221802,20.00305176,9.5462E-05,7.621023178,25.07324219,28.87039185,28.42178345,24.64065552,9.468078613,22.65396118,122.6295471,120.1782227,20.89157104,21.06781006,23.61526489,23.37493896,22.62191772,23.77548218,19.11315918,22.50976563
238,2025-01-29 15:05:58-05:00,1.800565004,13.49221802,20.00305176,9.5462E-05,7.621023178,25.07324219,28.87039185,28.42178345,24.64065552,9.468078613,22.65396118,122.6295471,120.1782227,20.89157104,21.06781006,23.61526489,23.37493896,22.62191772,23.77548218,19.11315918,22.50976563
239,2025-01-29 15:05:59-05:00,1.800565004,13.49221802,20.01449585,9.5462E-05,7.600756645,25.07324219,28.87039185,28.37371826,24.64065552,9.468078613,22.65396118,122.6295471,120.1782227,20.89157104,21.06781006,23.61526489,23.37493896,22.62191772,23.77548218,19.11315918,22.50976563
240,2025-01-29 15:06:00-05:00,1.800565004,13.49221802,20.01449585,9.5462E-05,7.600756645,25.07324219,28.87039185,28.37371826,24.64065552,9.468078613,22.65396118,122.6295471,120.1782227,20.89157104,21.06781006,23.61526489,23.37493896,22.62191772,23.77548218,19.11315918,22.50976563
241,2025-01-29 15:06:01-05:00,1.800565004,13.49221802,20.01449585,9.5462E-05,7.600756645,25.07324219,28.87039185,28.37371826,24.64065552,9.468078613,22.65396118,122.7256775,120.1622009,20.84350586,21.06781006,23.61526489,23.37493896,22.57385254,23.77548218,19.11315918,22.50976563
242,2025-01-29 15:06:02-05:00,1.800565004,13.49221802,20.01449585,9.5462E-05,7.600756645,25.07324219,28.82232666,28.37371826,24.64065552,9.468078613,22.65396118,122.7256775,120.1622009,20.84350586,21.06781006,23.61526489,23.37493896,22.57385254,23.77548218,19.11315918,22.50976563
243,2025-01-29 15:06:03-05:00,1.800565004,13.49221802,20.01449585,9.5462E-05,7.600756645,25.07324219,28.82232666,28.37371826,24.64065552,9.468078613,22.65396118,122.7256775,120.1622009,20.84350586,20.97167969,23.61526489,23.37493896,22.57385254,23.77548218,19.06509399,22.46170044
244,2025-01-29 15:06:04-05:00,1.789836049,13.49221802,20.01449585,9.5462E-05,7.600756645,25.07324219,28.82232666,28.37371826,24.64065552,9.468078613,22.65396118,122.7256775,120.1622009,20.84350586,20.97167969,23.53515625,23.37493896,22.57385254,23.77548218,19.06509399,22.46170044
245,2025-01-29 15:06:05-05:00,1.789836049,13.49221802,20.01449585,9.5462E-05,7.600756645,25.07324219,28.82232666,28.37371826,24.64065552,9.50012207,22.65396118,122.7256775,120.1622009,20.84350586,20.97167969,23.53515625,23.37493896,22.57385254,23.77548218,19.06509399,22.46170044
246,2025-01-29 15:06:06-05:00,1.789836049,13.49221802,20.01449585,9.5462E-05,7.600756645,25.07324219,28.82232666,28.37371826,24.64065552,9.50012207,22.65396118,122.7256775,120.1622009,20.84350586,20.97167969,23.53515625,23.37493896,22.57385254,23.77548218,19.06509399,22.46170044
247,2025-01-29 15:06:07-05:00,1.789836049,13.49221802,20.01449585,9.5462E-05,7.600756645,25.07324219,28.82232666,28.37371826,24.64065552,9.50012207,22.65396118,122.7256775,120.1622009,20.84350586,20.97167969,23.53515625,23.37493896,22.57385254,23.77548218,19.06509399,22.46170044
248,2025-01-29 15:06:08-05:00,1.789836049,13.49221802,20.01449585,9.5462E-05,7.600756645,25.07324219,28.82232666,28.37371826,24.64065552,9.50012207,22.65396118,122.7256775,120.1622009,20.84350586,20.97167969,23.53515625,23.37493896,22.57385254,23.77548218,19.06509399,22.46170044
249,2025-01-29 15:06:09-05:00,1.800565004,13.49221802,19.99732971,9.5462E-05,7.587882042,25.07324219,28.82232666,28.37371826,24.64065552,9.50012207,22.65396118,122.7256775,120.1622009,20.84350586,20.97167969,23.53515625,23.32687378,22.57385254,23.77548218,19.06509399,22.46170044
250,2025-01-29 15:06:10-05:00,1.800565004,13.49221802,19.99732971,9.5462E-05,7.587882042,25.07324219,28.82232666,28.37371826,24.64065552,9.50012207,22.65396118,122.7256775,120.1622009,20.84350586,20.97167969,23.53515625,23.32687378,22.57385254,23.77548218,19.06509399,22.46170044
251,2025-01-29 15:06:11-05:00,1.800565004,13.49221802,19.99732971,9.5462E-05,7.587882042,25.07324219,28.82232666,28.37371826,24.64065552,9.50012207,22.65396118,122.5975037,120.098114,20.89157104,20.97167969,23.53515625,23.32687378,22.57385254,23.77548218,19.06509399,22.46170044
252,2025-01-29 15:06:12-05:00,1.800565004,13.49221802,19.99732971,9.5462E-05,7.587882042,25.07324219,28.87039185,28.37371826,24.64065552,9.50012207,22.65396118,122.5975037,120.098114,20.89157104,20.97167969,23.53515625,23.32687378,22.57385254,23.77548218,19.06509399,22.46170044
253,2025-01-29 15:06:13-05:00,1.800565004,13.49221802,19.99732971,9.5462E-05,7.587882042,25.07324219,28.87039185,28.37371826,24.64065552,9.50012207,22.65396118,122.5975037,120.098114,20.89157104,21.01974487,23.53515625,23.32687378,22.57385254,23.77548218,19.06509399,22.46170044
254,2025-01-29 15:06:14-05:00,1.800565004,13.49221802,19.99732971,9.5462E-05,7.587882042,25.07324219,28.87039185,28.37371826,24.64065552,9.50012207,22.65396118,122.5975037,120.098114,20.89157104,21.01974487,23.58322144,23.32687378,22.57385254,23.77548218,19.06509399,22.46170044
255,2025-01-29 15:06:15-05:00,1.800565004,13.49221802,19.99732971,9.5462E-05,7.587882042,25.07324219,28.87039185,28.37371826,24.64065552,9.468078613,22.65396118,122.5975037,120.098114,20.89157104,21.01974487,23.58322144,23.32687378,22.57385254,23.77548218,19.06509399,22.46170044
256,2025-01-29 15:06:16-05:00,1.800565004,13.49221802,19.99732971,9.5462E-05,7.587882042,25.07324219,28.87039185,28.37371826,24.64065552,9.468078613,22.65396118,122.5975037,120.098114,20.89157104,21.01974487,23.58322144,23.32687378,22.57385254,23.77548218,19.06509399,22.46170044
257,2025-01-29 15:06:17-05:00,1.800565004,13.49221802,19.99732971,9.5462E-05,7.587882042,25.07324219,28.87039185,28.37371826,24.64065552,9.468078613,22.65396118,122.5975037,120.098114,20.89157104,21.01974487,23.58322144,23.32687378,22.57385254,23.77548218,19.06509399,22.46170044
258,2025-01-29 15:06:18-05:00,1.800565004,13.49221802,19.99732971,9.5462E-05,7.587882042,25.07324219,28.87039185,28.37371826,24.64065552,9.468078613,22.65396118,122.5975037,120.098114,20.89157104,21.01974487,23.58322144,23.32687378,22.57385254,23.77548218,19.06509399,22.46170044
259,2025-01-29 15:06:19-05:00,1.823215246,13.49221802,19.99732971,9.5462E-05,7.598849297,25.07324219,28.87039185,28.42178345,24.64065552,9.468078613,22.65396118,122.5975037,120.098114,20.89157104,21.01974487,23.58322144,23.37493896,22.57385254,23.77548218,19.06509399,22.46170044
260,2025-01-29 15:06:20-05:00,1.823215246,13.49221802,19.99732971,9.5462E-05,7.598849297,25.07324219,28.87039185,28.42178345,24.64065552,9.468078613,22.65396118,122.5975037,120.098114,20.84350586,21.01974487,23.58322144,23.37493896,22.57385254,23.77548218,19.06509399,22.46170044
261,2025-01-29 15:06:21-05:00,1.823215246,13.49221802,19.99732971,9.5462E-05,7.598849297,25.07324219,28.87039185,28.42178345,24.64065552,9.468078613,22.65396118,122.5975037,120.098114,20.84350586,21.01974487,23.58322144,23.37493896,22.57385254,23.77548218,19.06509399,22.46170044
262,2025-01-29 15:06:22-05:00,1.823215246,13.49221802,19.99732971,9.5462E-05,7.598849297,25.07324219,28.87039185,28.42178345,24.64065552,9.468078613,22.65396118,122.5975037,120.098114,20.84350586,21.01974487,23.58322144,23.37493896,22.57385254,23.77548218,19.06509399,22.46170044
263,2025-01-29 15:06:23-05:00,1.823215246,13.49221802,19.99732971,9.5462E-05,7.598849297,25.07324219,28.87039185,28.42178345,24.64065552,9.468078613,22.65396118,122.5975037,120.098114,20.84350586,21.01974487,23.58322144,23.37493896,22.57385254,23.77548218,19.06509399,22.46170044
264,2025-01-29 15:06:24-05:00,1.823215246,13.49221802,19.99732971,9.5462E-05,7.598849297,25.07324219,28.87039185,28.37371826,24.64065552,9.468078613,22.65396118,122.5975037,120.098114,20.84350586,21.01974487,23.58322144,23.37493896,22.57385254,23.77548218,19.06509399,22.46170044
265,2025-01-29 15:06:25-05:00,1.823215246,13.49221802,19.99732971,9.5462E-05,7.598849297,25.07324219,28.87039185,28.37371826,24.64065552,9.452056885,22.65396118,122.5975037,120.098114,20.84350586,21.01974487,23.58322144,23.37493896,22.57385254,23.77548218,19.06509399,22.46170044
266,2025-01-29 15:06:26-05:00,1.823215246,13.49221802,19.99732971,9.5462E-05,7.598849297,25.07324219,28.87039185,28.37371826,24.64065552,9.452056885,22.65396118,122.5975037,120.098114,20.84350586,21.01974487,23.58322144,23.37493896,22.57385254,23.77548218,19.06509399,22.46170044
267,2025-01-29 15:06:27-05:00,1.823215246,13.49221802,19.99732971,9.5462E-05,7.598849297,25.07324219,28.87039185,28.37371826,24.64065552,9.452056885,22.65396118,122.5975037,120.098114,20.84350586,21.01974487,23.58322144,23.37493896,22.57385254,23.77548218,19.06509399,22.46170044
268,2025-01-29 15:06:28-05:00,1.823215246,13.49221802,19.99732971,9.5462E-05,7.598849297,25.07324219,28.87039185,28.37371826,24.64065552,9.452056885,22.65396118,122.5975037,120.098114,20.84350586,21.01974487,23.58322144,23.37493896,22.57385254,23.77548218,19.06509399,22.46170044
269,2025-01-29 15:06:29-05:00,1.807717562,13.49221802,19.99732971,9.5462E-05,7.612916946,25.07324219,28.87039185,28.40576172,24.64065552,9.452056885,22.65396118,122.5975037,120.098114,20.84350586,21.01974487,23.58322144,23.37493896,22.57385254,23.77548218,19.06509399,22.46170044
270,2025-01-29 15:06:30-05:00,1.807717562,13.49221802,19.99732971,9.5462E-05,7.612916946,25.07324219,28.87039185,28.40576172,24.64065552,9.452056885,22.65396118,122.5975037,120.098114,20.89157104,21.01974487,23.58322144,23.37493896,22.57385254,23.77548218,19.06509399,22.46170044
271,2025-01-29 15:06:31-05:00,1.807717562,13.49221802,19.99732971,9.5462E-05,7.612916946,25.07324219,28.87039185,28.40576172,24.64065552,9.452056885,22.65396118,122.869873,120.4185486,20.89157104,21.01974487,23.58322144,23.37493896,22.57385254,23.77548218,19.06509399,22.46170044
272,2025-01-29 15:06:32-05:00,1.807717562,13.49221802,19.99732971,9.5462E-05,7.612916946,25.07324219,28.87039185,28.40576172,24.64065552,9.452056885,22.65396118,122.869873,120.4185486,20.89157104,21.01974487,23.58322144,23.37493896,22.57385254,23.77548218,19.06509399,22.46170044
273,2025-01-29 15:06:33-05:00,1.807717562,13.49221802,19.99732971,9.5462E-05,7.612916946,25.07324219,28.87039185,28.40576172,24.64065552,9.452056885,22.65396118,122.869873,120.4185486,20.89157104,21.01974487,23.58322144,23.37493896,22.57385254,23.77548218,19.11315918,22.46170044
274,2025-01-29 15:06:34-05:00,1.789836049,13.49221802,19.99732971,9.5462E-05,7.612916946,25.07324219,28.87039185,28.37371826,24.64065552,9.452056885,22.65396118,122.869873,120.4185486,20.89157104,21.01974487,23.58322144,23.37493896,22.57385254,23.77548218,19.11315918,22.46170044
275,2025-01-29 15:06:35-05:00,1.789836049,13.49221802,19.99732971,9.5462E-05,7.612916946,25.07324219,28.87039185,28.37371826,24.64065552,9.468078613,22.65396118,122.869873,120.4185486,20.89157104,21.01974487,23.58322144,23.37493896,22.57385254,23.77548218,19.11315918,22.46170044
276,2025-01-29 15:06:36-05:00,1.789836049,13.49221802,19.99732971,9.5462E-05,7.612916946,25.07324219,28.87039185,28.37371826,24.64065552,9.468078613,22.65396118,122.869873,120.4185486,20.89157104,21.01974487,23.58322144,23.37493896,22.57385254,23.77548218,19.11315918,22.46170044
277,2025-01-29 15:06:37-05:00,1.789836049,13.49221802,19.99732971,9.5462E-05,7.612916946,25.07324219,28.87039185,28.37371826,24.64065552,9.468078613,22.65396118,122.869873,120.4185486,20.89157104,21.01974487,23.58322144,23.37493896,22.57385254,23.77548218,19.11315918,22.46170044
278,2025-01-29 15:06:38-05:00,1.789836049,13.49221802,19.99732971,9.5462E-05,7.612916946,25.07324219,28.87039185,28.37371826,24.64065552,9.468078613,22.65396118,122.869873,120.4185486,20.89157104,21.01974487,23.58322144,23.37493896,22.57385254,23.77548218,19.11315918,22.46170044
279,2025-01-29 15:06:39-05:00,1.764801741,13.49221802,19.99732971,9.5462E-05,7.612916946,25.07324219,28.87039185,28.37371826,24.64065552,9.468078613,22.65396118,122.869873,120.4185486,20.89157104,21.01974487,23.58322144,23.37493896,22.57385254,23.77548218,19.11315918,22.46170044
280,2025-01-29 15:06:40-05:00,1.764801741,13.49221802,19.99732971,9.5462E-05,7.612916946,25.07324219,28.87039185,28.37371826,24.64065552,9.468078613,22.65396118,122.869873,120.4185486,20.93963623,21.01974487,23.58322144,23.37493896,22.57385254,23.77548218,19.11315918,22.46170044
281,2025-01-29 15:06:41-05:00,1.764801741,13.49221802,19.99732971,9.5462E-05,7.612916946,25.07324219,28.77426147,28.37371826,24.64065552,9.468078613,22.65396118,122.7256775,120.274353,20.93963623,21.01974487,23.58322144,23.37493896,22.62191772,23.77548218,19.11315918,22.46170044
282,2025-01-29 15:06:42-05:00,1.764801741,13.49221802,19.99732971,9.5462E-05,7.612916946,25.07324219,28.77426147,28.37371826,24.64065552,9.468078613,22.65396118,122.7256775,120.274353,20.93963623,21.01974487,23.58322144,23.37493896,22.62191772,23.77548218,19.11315918,22.46170044
283,2025-01-29 15:06:43-05:00,1.764801741,13.49221802,19.99732971,9.5462E-05,7.612916946,25.07324219,28.77426147,28.37371826,24.64065552,9.468078613,22.65396118,122.7256775,120.274353,20.93963623,21.06781006,23.58322144,23.37493896,22.62191772,23.77548218,19.16122437,22.50976563
284,2025-01-29 15:06:44-05:00,1.786259532,13.49221802,19.99732971,9.5462E-05,7.612916946,25.07324219,28.77426147,28.40576172,24.64065552,9.468078613,22.65396118,122.7256775,120.274353,20.93963623,21.06781006,23.61526489,23.37493896,22.62191772,23.77548218,19.16122437,22.50976563
285,2025-01-29 15:06:45-05:00,1.786259532,13.49221802,19.99732971,9.5462E-05,7.612916946,25.07324219,28.77426147,28.40576172,24.64065552,9.452056885,22.65396118,122.7256775,120.274353,20.93963623,21.06781006,23.61526489,23.37493896,22.62191772,23.77548218,19.16122437,22.50976563
286,2025-01-29 15:06:46-05:00,1.786259532,13.49221802,19.99732971,9.5462E-05,7.612916946,25.07324219,28.77426147,28.40576172,24.64065552,9.452056885,22.65396118,122.7256775,120.274353,20.93963623,21.06781006,23.61526489,23.37493896,22.62191772,23.77548218,19.16122437,22.50976563
287,2025-01-29 15:06:47-05:00,1.786259532,13.49221802,19.99732971,9.5462E-05,7.612916946,25.07324219,28.77426147,28.40576172,24.64065552,9.452056885,22.65396118,122.7256775,120.274353,20.93963623,21.06781006,23.61526489,23.37493896,22.62191772,23.77548218,19.16122437,22.50976563
288,2025-01-29 15:06:48-05:00,1.786259532,13.49221802,19.99732971,9.5462E-05,7.612916946,25.07324219,28.77426147,28.40576172,24.64065552,9.452056885,22.65396118,122.7256775,120.274353,20.93963623,21.06781006,23.61526489,23.37493896,22.62191772,23.80752563,19.16122437,22.50976563
289,2025-01-29 15:06:49-05:00,1.774338603,13.49221802,20.00972748,9.5462E-05,7.499665737,25.07324219,28.77426147,28.37371826,24.67269897,9.452056885,22.65396118,122.7256775,120.274353,20.93963623,21.06781006,23.61526489,23.42300415,22.62191772,23.80752563,19.16122437,22.50976563
290,2025-01-29 15:06:50-05:00,1.774338603,13.49221802,20.00972748,9.5462E-05,7.499665737,25.07324219,28.77426147,28.37371826,24.67269897,9.452056885,22.65396118,122.7256775,120.274353,20.84350586,21.06781006,23.61526489,23.42300415,22.62191772,23.80752563,19.16122437,22.50976563
291,2025-01-29 15:06:51-05:00,1.774338603,13.49221802,20.00972748,9.5462E-05,7.499665737,25.07324219,28.95050049,28.37371826,24.67269897,9.452056885,22.65396118,122.7256775,120.274353,20.84350586,21.06781006,23.61526489,23.42300415,22.57385254,23.80752563,19.16122437,22.50976563
292,2025-01-29 15:06:52-05:00,1.774338603,13.49221802,20.00972748,9.5462E-05,7.499665737,25.07324219,28.95050049,28.37371826,24.67269897,9.452056885,22.65396118,122.7256775,120.274353,20.84350586,21.06781006,23.61526489,23.42300415,22.57385254,23.80752563,19.16122437,22.50976563
293,2025-01-29 15:06:53-05:00,1.774338603,13.49221802,20.00972748,9.5462E-05,7.499665737,25.07324219,28.95050049,28.37371826,24.67269897,9.452056885,22.65396118,122.7256775,120.274353,20.84350586,20.97167969,23.61526489,23.42300415,22.57385254,23.80752563,19.06509399,22.46170044
294,2025-01-29 15:06:54-05:00,1.786259532,13.49221802,20.00972748,9.5462E-05,7.499665737,25.07324219,28.95050049,28.37371826,24.67269897,9.452056885,22.65396118,122.7256775,120.274353,20.84350586,20.97167969,23.58322144,23.42300415,22.57385254,23.80752563,19.06509399,22.46170044
295,2025-01-29 15:06:55-05:00,1.786259532,13.49221802,20.00972748,9.5462E-05,7.499665737,25.07324219,28.95050049,28.37371826,24.67269897,9.452056885,22.65396118,122.7256775,120.274353,20.84350586,20.97167969,23.58322144,23.42300415,22.57385254,23.80752563,19.06509399,22.46170044
296,2025-01-29 15:06:56-05:00,1.786259532,13.49221802,20.00972748,9.5462E-05,7.499665737,25.07324219,28.95050049,28.37371826,24.67269897,9.452056885,22.65396118,122.7256775,120.274353,20.84350586,20.97167969,23.58322144,23.42300415,22.57385254,23.80752563,19.06509399,22.46170044
297,2025-01-29 15:06:57-05:00,1.786259532,13.52082825,20.00972748,9.5462E-05,7.499665737,25.07324219,28.95050049,28.37371826,24.67269897,9.452056885,22.65396118,122.7256775,120.274353,20.84350586,20.97167969,23.58322144,23.42300415,22.57385254,23.80752563,19.06509399,22.46170044
298,2025-01-29 15:06:58-05:00,1.786259532,13.52082825,20.00972748,9.5462E-05,7.499665737,25.07324219,28.95050049,28.37371826,24.67269897,9.452056885,22.65396118,122.7256775,120.274353,20.84350586,20.97167969,23.58322144,23.42300415,22.57385254,23.77548218,19.06509399,22.46170044
299,2025-01-29 15:06:59-05:00,1.786259532,13.52082825,20.00972748,9.5462E-05,7.633421421,25.07324219,28.95050049,28.37371826,24.64065552,9.452056885,22.65396118,122.7256775,120.274353,20.84350586,20.97167969,23.58322144,23.37493896,22.57385254,23.77548218,19.06509399,22.46170044
300,2025-01-29 15:07:00-05:00,1.786259532,13.52082825,20.00972748,9.5462E-05,7.633421421,25.07324219,28.95050049,28.37371826,24.64065552,9.452056885,22.65396118,122.7256775,120.274353,20.89157104,20.97167969,23.58322144,23.37493896,22.57385254,23.77548218,19.06509399,22.46170044
